TransactionID,Date,Product,Channel,Country,Price,Quantity,Sales,Rating
TXN-501444,2023-06-01,Desk,Web,India,337.72,4,1350.88,3
TXN-501003,2023-06-01,Headphones,Web,Canada,1476.22,1,1476.22,3
TXN-501477,2023-06-01,Monitor,Web,Germany,1447.37,2,2894.74,1
TXN-500948,2023-06-02,Chair,Mobile App,UK,1307.48,3,3922.44,3
TXN-500188,2023-06-02,Laptop,Mobile App,USA,1243.69,1,1243.69,1
TXN-501220,2023-06-02,Webcam,Marketplace,USA,1300.09,4,5200.36,4
TXN-500656,2023-06-02,Webcam,Web,USA,454.36,3,1363.08,2
TXN-501427,2023-06-02,Desk,Mobile App,USA,1141.75,1,1141.75,5
TXN-500604,2023-06-03,Webcam,Web,UK,199.66,2,399.32,5
TXN-501151,2023-06-03,Phone,Mobile App,USA,1192.87,3,3578.61,2
TXN-500116,2023-06-03,Keyboard,Mobile App,USA,231.02,4,924.08,2
TXN-500447,2023-06-03,Phone,Marketplace,Canada,965.44,1,965.44,1
TXN-500527,2023-06-03,Keyboard,Marketplace,Germany,610.02,4,2440.08,3
TXN-501052,2023-06-03,Headphones,Web,Canada,890.5,2,1781.0,1
TXN-500449,2023-06-04,Webcam,Mobile App,India,1041.42,3,3124.26,4
TXN-501157,2023-06-04,Headphones,Mobile App,India,629.95,4,2519.8,5
TXN-500777,2023-06-04,Webcam,Mobile App,India,61.42,3,184.26,4
TXN-500710,2023-06-04,Phone,Web,India,477.54,1,477.54,4
TXN-500987,2023-06-04,Laptop,Mobile App,Canada,1144.06,4,4576.24,3
TXN-501377,2023-06-04,Chair,Mobile App,Germany,1454.97,4,5819.88,2
TXN-500807,2023-06-04,Keyboard,Web,India,1412.32,3,4236.96,4
TXN-501478,2023-06-05,Laptop,Marketplace,Germany,120.11,2,240.22,5
TXN-501392,2023-06-05,Chair,Web,India,801.54,3,2404.62,2
TXN-501087,2023-06-05,Monitor,Web,UK,443.15,3,1329.45,4
TXN-500625,2023-06-05,Phone,Web,Germany,65.46,4,261.84,5
TXN-500462,2023-06-05,Webcam,Mobile App,Germany,1320.77,4,5283.08,3
TXN-501171,2023-06-05,Keyboard,Marketplace,Canada,1422.44,3,4267.32,1
TXN-501092,2023-06-05,Desk,Web,USA,1014.76,2,2029.52,2
TXN-500567,2023-06-06,Chair,Mobile App,India,1216.35,4,4865.4,1
TXN-501034,2023-06-06,Keyboard,Web,Germany,1073.63,3,3220.89,4
TXN-500585,2023-06-06,Webcam,Marketplace,UK,1473.62,4,5894.48,5
TXN-500304,2023-06-06,Laptop,Mobile App,Germany,732.58,3,2197.74,4
TXN-500073,2023-06-06,Phone,Web,UK,1143.71,3,3431.13,2
TXN-500722,2023-06-06,Chair,Marketplace,Canada,1208.73,1,1208.73,2
TXN-500306,2023-06-06,Webcam,Web,USA,685.41,4,2741.64,4
TXN-501233,2023-06-06,Headphones,Marketplace,India,1002.01,4,4008.04,2
TXN-501494,2023-06-07,Webcam,Mobile App,UK,102.83,2,205.66,4
TXN-501007,2023-06-07,Chair,Web,USA,1209.09,2,2418.18,3
TXN-501469,2023-06-07,Monitor,Marketplace,USA,349.64,4,1398.56,5
TXN-500842,2023-06-07,Keyboard,Web,India,756.58,2,1513.16,3
TXN-501015,2023-06-07,Webcam,Mobile App,USA,1173.82,4,4695.28,3
TXN-501000,2023-06-07,Headphones,Mobile App,UK,390.46,4,1561.84,5
TXN-501285,2023-06-07,Phone,Web,India,818.43,2,1636.86,1
TXN-500226,2023-06-08,Phone,Mobile App,Germany,870.42,2,1740.84,5
TXN-500110,2023-06-08,Keyboard,Marketplace,USA,1180.33,2,2360.66,4
TXN-500190,2023-06-08,Webcam,Web,Germany,737.24,4,2948.96,5
TXN-500669,2023-06-08,Monitor,Web,India,1319.47,2,2638.94,4
TXN-501314,2023-06-08,Webcam,Marketplace,UK,538.07,2,1076.14,2
TXN-500367,2023-06-08,Phone,Mobile App,Germany,169.12,1,169.12,5
TXN-501442,2023-06-09,Headphones,Web,Germany,1398.7,4,5594.8,4
TXN-500984,2023-06-09,Desk,Web,USA,256.67,1,256.67,4
TXN-500261,2023-06-09,Headphones,Web,Canada,46.11,2,92.22,1
TXN-500828,2023-06-09,Laptop,Web,Germany,658.54,4,2634.16,1
TXN-500537,2023-06-09,Webcam,Mobile App,Canada,232.64,1,232.64,3
TXN-500339,2023-06-10,Chair,Mobile App,Germany,1468.71,1,1468.71,5
TXN-500054,2023-06-10,Keyboard,Marketplace,Canada,443.5,2,887.0,5
TXN-501449,2023-06-10,Desk,Marketplace,India,334.54,4,1338.16,4
TXN-501077,2023-06-10,Chair,Web,UK,1432.34,1,1432.34,4
TXN-500555,2023-06-10,Headphones,Web,USA,900.1,2,1800.2,1
TXN-500960,2023-06-11,Chair,Mobile App,India,349.95,3,1049.85,1
TXN-500320,2023-06-11,Webcam,Mobile App,USA,1026.64,3,3079.92,5
TXN-500431,2023-06-11,Monitor,Mobile App,Canada,882.68,4,3530.72,5
TXN-501149,2023-06-11,Keyboard,Web,UK,1087.3,3,3261.9,4
TXN-500487,2023-06-11,Chair,Web,Canada,647.6,1,647.6,4
TXN-500536,2023-06-12,Keyboard,Marketplace,UK,1499.91,3,4499.73,5
TXN-500159,2023-06-12,Webcam,Mobile App,USA,1311.42,3,3934.26,5
TXN-501345,2023-06-13,Desk,Mobile App,UK,685.89,1,685.89,4
TXN-501053,2023-06-13,Phone,Mobile App,USA,1499.5,4,5998.0,1
TXN-501389,2023-06-13,Desk,Marketplace,Germany,1463.96,1,1463.96,2
TXN-500511,2023-06-13,Chair,Web,India,318.88,2,637.76,1
TXN-500775,2023-06-13,Headphones,Web,Germany,707.47,2,1414.94,1
TXN-500744,2023-06-13,Webcam,Web,Germany,257.11,3,771.33,5
TXN-500141,2023-06-13,Phone,Marketplace,UK,329.14,3,987.42,1
TXN-501239,2023-06-13,Keyboard,Marketplace,Canada,1104.53,4,4418.12,1
TXN-500214,2023-06-13,Webcam,Web,Germany,1069.22,2,2138.44,5
TXN-501103,2023-06-14,Phone,Marketplace,UK,419.34,1,419.34,4
TXN-501213,2023-06-14,Phone,Web,Canada,1198.33,4,4793.32,3
TXN-501384,2023-06-14,Laptop,Web,USA,142.45,1,142.45,4
TXN-500353,2023-06-14,Chair,Web,Germany,576.51,1,576.51,1
TXN-500902,2023-06-15,Monitor,Mobile App,India,1384.12,3,4152.36,3
TXN-500469,2023-06-15,Keyboard,Web,India,1249.28,3,3747.84,1
TXN-500815,2023-06-16,Headphones,Web,Germany,1029.58,2,2059.16,1
TXN-500652,2023-06-16,Desk,Web,India,388.16,1,388.16,1
TXN-500106,2023-06-16,Monitor,Mobile App,Canada,1383.33,4,5533.32,4
TXN-501331,2023-06-17,Monitor,Mobile App,USA,1100.39,1,1100.39,3
TXN-500177,2023-06-17,Laptop,Mobile App,USA,589.82,2,1179.64,4
TXN-500202,2023-06-17,Webcam,Web,Canada,352.4,3,1057.2,4
TXN-500741,2023-06-17,Laptop,Web,UK,1468.28,2,2936.56,3
TXN-501121,2023-06-17,Chair,Mobile App,Canada,63.18,2,126.36,1
TXN-500937,2023-06-18,Webcam,Mobile App,India,1013.19,4,4052.76,3
TXN-500117,2023-06-18,Desk,Mobile App,Germany,972.21,4,3888.84,2
TXN-500856,2023-06-18,Phone,Mobile App,UK,1316.57,2,2633.14,4
TXN-500688,2023-06-18,Laptop,Web,Germany,1225.79,4,4903.16,2
TXN-500281,2023-06-18,Webcam,Web,India,179.09,4,716.36,1
TXN-501290,2023-06-19,Webcam,Web,India,1213.57,1,1213.57,2
TXN-500455,2023-06-19,Webcam,Web,USA,1088.09,2,2176.18,3
TXN-500357,2023-06-19,Laptop,Marketplace,Germany,241.23,1,241.23,3
TXN-501399,2023-06-19,Monitor,Mobile App,UK,588.11,3,1764.33,3
TXN-501303,2023-06-19,Desk,Web,UK,1093.42,3,3280.26,1
TXN-501230,2023-06-20,Webcam,Mobile App,UK,234.2,3,702.6,1
TXN-501401,2023-06-20,Phone,Web,India,152.09,3,456.27,5
TXN-501154,2023-06-20,Headphones,Web,USA,1264.36,3,3793.08,3
TXN-500284,2023-06-20,Webcam,Mobile App,India,1260.01,3,3780.03,4
TXN-500753,2023-06-21,Webcam,Mobile App,USA,439.61,1,439.61,3
TXN-501044,2023-06-21,Webcam,Web,Germany,953.57,4,3814.28,2
TXN-501080,2023-06-22,Laptop,Web,Canada,362.27,3,1086.81,2
TXN-500565,2023-06-22,Keyboard,Mobile App,UK,916.78,1,916.78,3
TXN-500956,2023-06-23,Desk,Web,India,1488.51,4,5954.04,2
TXN-500157,2023-06-23,Desk,Web,Germany,1409.04,4,5636.16,3
TXN-500650,2023-06-23,Chair,Mobile App,Germany,699.04,2,1398.08,2
TXN-500368,2023-06-23,Monitor,Web,Germany,562.55,4,2250.2,3
TXN-500666,2023-06-23,Webcam,Mobile App,USA,933.67,2,1867.34,4
TXN-500533,2023-06-25,Phone,Mobile App,Germany,392.07,2,784.14,1
TXN-500803,2023-06-25,Laptop,Mobile App,Germany,224.21,4,896.84,4
TXN-501165,2023-06-25,Desk,Web,USA,840.78,4,3363.12,5
TXN-501387,2023-06-25,Laptop,Web,USA,33.8,4,135.2,4
TXN-500821,2023-06-25,Chair,Web,UK,181.37,1,181.37,4
TXN-501258,2023-06-25,Headphones,Web,India,1009.61,1,1009.61,1
TXN-500548,2023-06-25,Chair,Mobile App,India,67.81,2,135.62,2
TXN-501150,2023-06-26,Phone,Web,UK,707.93,3,2123.79,1
TXN-500372,2023-06-26,Keyboard,Marketplace,India,1128.63,3,3385.89,5
TXN-500243,2023-06-26,Monitor,Marketplace,India,634.49,4,2537.96,4
TXN-500137,2023-06-26,Chair,Mobile App,USA,449.25,4,1797.0,4
TXN-500792,2023-06-26,Phone,Web,Canada,267.11,2,534.22,4
TXN-501232,2023-06-26,Desk,Web,USA,571.44,1,571.44,3
TXN-500668,2023-06-26,Monitor,Mobile App,Germany,460.67,2,921.34,4
TXN-500760,2023-06-27,Phone,Web,USA,701.3,2,1402.6,5
TXN-501450,2023-06-27,Webcam,Web,Germany,396.69,1,396.69,4
TXN-500135,2023-06-27,Desk,Web,USA,800.36,1,800.36,3
TXN-501011,2023-06-27,Webcam,Mobile App,Canada,1363.22,3,4089.66,2
TXN-500545,2023-06-27,Laptop,Marketplace,USA,381.78,4,1527.12,2
TXN-501057,2023-06-27,Chair,Mobile App,Germany,1318.51,3,3955.53,3
TXN-500501,2023-06-28,Chair,Mobile App,Canada,1277.17,1,1277.17,3
TXN-500257,2023-06-28,Phone,Web,Canada,925.58,4,3702.32,2
TXN-500403,2023-06-28,Headphones,Mobile App,UK,1150.18,3,3450.54,5
TXN-500397,2023-06-28,Webcam,Web,UK,1303.89,4,5215.56,1
TXN-500467,2023-06-29,Headphones,Web,UK,621.66,4,2486.64,1
TXN-501226,2023-06-29,Laptop,Marketplace,Canada,765.01,1,765.01,5
TXN-501145,2023-06-29,Monitor,Web,India,1300.39,4,5201.56,2
TXN-501163,2023-06-29,Keyboard,Marketplace,India,1362.32,2,2724.64,3
TXN-500018,2023-06-29,Chair,Mobile App,Germany,1273.64,2,2547.28,5
TXN-501298,2023-06-30,Monitor,Web,UK,1397.19,3,4191.57,3
TXN-501123,2023-06-30,Headphones,Web,Canada,498.38,1,498.38,2
TXN-500240,2023-06-30,Chair,Mobile App,India,80.65,3,241.95,1
TXN-500138,2023-06-30,Keyboard,Mobile App,USA,493.33,3,1479.99,1
TXN-500829,2023-06-30,Chair,Marketplace,Germany,560.34,4,2241.36,3
TXN-501320,2023-07-01,Headphones,Mobile App,UK,453.49,2,906.98,1
TXN-501339,2023-07-01,Desk,Web,Canada,637.24,2,1274.48,1
TXN-501297,2023-07-01,Laptop,Mobile App,Canada,158.82,1,158.82,5
TXN-501422,2023-07-01,Headphones,Mobile App,Canada,819.06,2,1638.12,5
TXN-500850,2023-07-01,Webcam,Marketplace,India,450.4,4,1801.6,4
TXN-500463,2023-07-01,Keyboard,Web,Canada,1246.36,3,3739.08,5
TXN-500542,2023-07-01,Chair,Web,UK,1076.27,3,3228.81,3
TXN-500325,2023-07-02,Desk,Web,USA,262.97,3,788.91,2
TXN-500632,2023-07-02,Laptop,Mobile App,Germany,1415.04,3,4245.12,2
TXN-500412,2023-07-02,Webcam,Mobile App,Canada,822.7,4,3290.8,5
TXN-500843,2023-07-03,Headphones,Web,Canada,918.01,2,1836.02,5
TXN-500520,2023-07-03,Laptop,Mobile App,USA,1045.15,4,4180.6,2
TXN-500939,2023-07-03,Desk,Mobile App,UK,1458.84,1,1458.84,2
TXN-500470,2023-07-04,Laptop,Mobile App,UK,976.09,3,2928.27,2
TXN-501237,2023-07-04,Desk,Mobile App,Canada,406.5,2,813.0,3
TXN-501498,2023-07-04,Chair,Marketplace,India,766.93,2,1533.86,2
TXN-500075,2023-07-05,Chair,Web,Canada,724.73,2,1449.46,1
TXN-500851,2023-07-05,Phone,Web,Germany,431.44,1,431.44,3
TXN-501443,2023-07-05,Monitor,Web,UK,815.11,2,1630.22,3
TXN-501104,2023-07-05,Monitor,Marketplace,UK,319.27,3,957.81,2
TXN-500654,2023-07-05,Chair,Mobile App,Germany,1243.36,4,4973.44,1
TXN-500926,2023-07-05,Phone,Mobile App,Canada,940.35,1,940.35,2
TXN-500328,2023-07-06,Phone,Web,India,1137.51,3,3412.53,4
TXN-500258,2023-07-06,Webcam,Web,USA,1322.82,2,2645.64,2
TXN-500359,2023-07-06,Desk,Web,Germany,515.08,1,515.08,5
TXN-501112,2023-07-06,Phone,Mobile App,UK,848.27,4,3393.08,2
TXN-500986,2023-07-06,Desk,Web,UK,1048.28,3,3144.84,1
TXN-501176,2023-07-07,Monitor,Mobile App,Canada,879.22,2,1758.44,1
TXN-500800,2023-07-07,Laptop,Mobile App,Canada,818.51,4,3274.04,4
TXN-500362,2023-07-07,Monitor,Web,Germany,1139.1,1,1139.1,1
TXN-501473,2023-07-07,Laptop,Mobile App,India,789.89,3,2369.67,5
TXN-500038,2023-07-07,Webcam,Mobile App,India,821.71,3,2465.13,2
TXN-500294,2023-07-08,Laptop,Web,Germany,1350.26,2,2700.52,5
TXN-500059,2023-07-08,Headphones,Web,USA,272.61,1,272.61,3
TXN-500316,2023-07-08,Keyboard,Mobile App,UK,82.23,4,328.92,5
TXN-500886,2023-07-08,Keyboard,Web,Germany,803.72,1,803.72,5
TXN-500282,2023-07-08,Phone,Web,Canada,555.81,3,1667.43,1
TXN-501485,2023-07-08,Desk,Web,UK,750.56,2,1501.12,2
TXN-501117,2023-07-08,Chair,Web,India,339.23,1,339.23,1
TXN-500089,2023-07-09,Keyboard,Web,Canada,1281.45,2,2562.9,2
TXN-501424,2023-07-10,Monitor,Web,Canada,1143.57,1,1143.57,2
TXN-500693,2023-07-10,Chair,Marketplace,Germany,1046.49,2,2092.98,4
TXN-500063,2023-07-10,Phone,Web,UK,882.58,2,1765.16,5
TXN-501214,2023-07-10,Phone,Web,UK,161.73,2,323.46,2
TXN-500983,2023-07-10,Webcam,Web,Germany,1497.2,3,4491.6,3
TXN-500974,2023-07-10,Phone,Web,UK,1029.38,3,3088.14,3
TXN-500940,2023-07-11,Laptop,Mobile App,India,829.57,4,3318.28,5
TXN-501407,2023-07-11,Webcam,Mobile App,Germany,813.78,1,813.78,3
TXN-500407,2023-07-11,Laptop,Web,UK,590.26,1,590.26,1
TXN-501305,2023-07-11,Monitor,Mobile App,USA,260.06,1,260.06,1
TXN-501317,2023-07-11,Phone,Marketplace,Germany,766.02,4,3064.08,1
TXN-501216,2023-07-12,Webcam,Marketplace,Canada,737.26,2,1474.52,2
TXN-501264,2023-07-12,Phone,Marketplace,UK,1129.79,1,1129.79,5
TXN-500745,2023-07-12,Phone,Marketplace,India,743.63,2,1487.26,5
TXN-500436,2023-07-12,Laptop,Web,USA,815.43,1,815.43,2
TXN-501229,2023-07-13,Laptop,Web,India,1325.15,3,3975.45,4
TXN-500484,2023-07-13,Monitor,Web,Germany,317.43,4,1269.72,5
TXN-500174,2023-07-13,Laptop,Web,Canada,665.36,2,1330.72,1
TXN-500303,2023-07-13,Chair,Web,India,942.61,1,942.61,3
TXN-500194,2023-07-13,Chair,Web,India,125.95,1,125.95,5
TXN-500765,2023-07-14,Webcam,Mobile App,Canada,26.16,2,52.32,4
TXN-501360,2023-07-14,Desk,Web,UK,806.01,3,2418.03,3
TXN-500239,2023-07-14,Keyboard,Mobile App,Germany,1493.79,3,4481.37,4
TXN-501341,2023-07-14,Monitor,Web,Canada,271.39,4,1085.56,2
TXN-500196,2023-07-14,Phone,Web,India,66.04,1,66.04,1
TXN-501350,2023-07-14,Monitor,Mobile App,Canada,530.24,1,530.24,4
TXN-500539,2023-07-14,Headphones,Mobile App,USA,1065.68,4,4262.72,1
TXN-500727,2023-07-14,Chair,Web,UK,872.11,3,2616.33,1
TXN-500997,2023-07-14,Laptop,Marketplace,Germany,150.77,1,150.77,1
TXN-501164,2023-07-15,Headphones,Web,Germany,672.49,3,2017.47,3
TXN-501265,2023-07-15,Headphones,Mobile App,Germany,841.16,3,2523.48,5
TXN-500889,2023-07-15,Monitor,Web,Canada,567.17,1,567.17,4
TXN-501177,2023-07-15,Chair,Marketplace,Germany,407.26,4,1629.04,1
TXN-501434,2023-07-15,Laptop,Web,USA,383.92,1,383.92,4
TXN-500570,2023-07-16,Headphones,Marketplace,Germany,631.3,4,2525.2,1
TXN-500524,2023-07-17,Phone,Mobile App,USA,1253.65,4,5014.6,5
TXN-500151,2023-07-17,Monitor,Mobile App,USA,1231.92,3,3695.76,4
TXN-501208,2023-07-17,Headphones,Web,India,1421.61,1,1421.61,4
TXN-500080,2023-07-18,Phone,Mobile App,Canada,1466.34,2,2932.68,1
TXN-500530,2023-07-19,Laptop,Mobile App,USA,580.45,2,1160.9,2
TXN-501456,2023-07-20,Headphones,Mobile App,UK,1147.81,1,1147.81,1
TXN-501308,2023-07-20,Headphones,Mobile App,USA,1338.09,1,1338.09,3
TXN-500855,2023-07-20,Headphones,Mobile App,India,1405.64,2,2811.28,3
TXN-500743,2023-07-20,Webcam,Mobile App,Canada,1124.65,2,2249.3,5
TXN-501175,2023-07-20,Phone,Mobile App,USA,1465.68,2,2931.36,2
TXN-500238,2023-07-21,Monitor,Mobile App,Germany,1116.34,3,3349.02,3
TXN-500797,2023-07-21,Webcam,Web,UK,509.03,2,1018.06,3
TXN-500378,2023-07-21,Webcam,Web,UK,420.23,1,420.23,5
TXN-501335,2023-07-21,Phone,Marketplace,Germany,695.82,1,695.82,2
TXN-501210,2023-07-21,Desk,Web,USA,753.96,4,3015.84,2
TXN-500483,2023-07-22,Webcam,Mobile App,Germany,98.52,2,197.04,1
TXN-501113,2023-07-22,Laptop,Web,Germany,612.97,3,1838.91,2
TXN-501200,2023-07-22,Chair,Mobile App,USA,795.97,4,3183.88,2
TXN-500774,2023-07-22,Chair,Web,UK,770.16,2,1540.32,3
TXN-501353,2023-07-22,Chair,Mobile App,Canada,341.03,3,1023.09,1
TXN-500022,2023-07-23,Webcam,Web,UK,138.69,4,554.76,1
TXN-500103,2023-07-23,Desk,Web,USA,745.14,1,745.14,3
TXN-501420,2023-07-23,Chair,Marketplace,India,1165.83,1,1165.83,2
TXN-500047,2023-07-23,Chair,Mobile App,India,729.53,3,2188.59,3
TXN-500901,2023-07-23,Laptop,Marketplace,Germany,379.25,2,758.5,1
TXN-500521,2023-07-24,Headphones,Web,Canada,105.23,4,420.92,1
TXN-501499,2023-07-24,Chair,Mobile App,Germany,574.22,1,574.22,2
TXN-501030,2023-07-24,Phone,Web,UK,1336.91,1,1336.91,1
TXN-500206,2023-07-24,Laptop,Web,Canada,1039.39,3,3118.17,3
TXN-501435,2023-07-24,Headphones,Web,Canada,1214.73,2,2429.46,1
TXN-500935,2023-07-25,Chair,Mobile App,UK,628.75,4,2515.0,2
TXN-500479,2023-07-25,Laptop,Web,USA,263.47,3,790.41,5
TXN-501082,2023-07-25,Keyboard,Web,Germany,620.56,4,2482.24,4
TXN-500674,2023-07-25,Chair,Web,Germany,1296.64,3,3889.92,3
TXN-501430,2023-07-25,Webcam,Marketplace,UK,496.55,1,496.55,4
TXN-500217,2023-07-25,Chair,Marketplace,UK,517.51,1,517.51,1
TXN-500021,2023-07-25,Headphones,Web,Germany,409.84,4,1639.36,4
TXN-500649,2023-07-26,Monitor,Mobile App,UK,178.39,2,356.78,1
TXN-500456,2023-07-26,Keyboard,Web,USA,1241.65,4,4966.6,1
TXN-501187,2023-07-26,Webcam,Web,UK,99.97,1,99.97,5
TXN-501398,2023-07-26,Headphones,Mobile App,Germany,333.86,1,333.86,1
TXN-500655,2023-07-27,Keyboard,Mobile App,India,1362.04,4,5448.16,3
TXN-501373,2023-07-28,Keyboard,Web,Canada,794.12,1,794.12,3
TXN-501048,2023-07-28,Chair,Web,UK,1022.33,4,4089.32,4
TXN-500832,2023-07-28,Webcam,Mobile App,Canada,663.37,1,663.37,4
TXN-501400,2023-07-28,Laptop,Mobile App,Canada,679.87,4,2719.48,2
TXN-501295,2023-07-28,Headphones,Mobile App,UK,430.62,4,1722.48,3
TXN-500912,2023-07-28,Desk,Mobile App,Germany,806.6,2,1613.2,3
TXN-500577,2023-07-28,Keyboard,Web,UK,111.78,3,335.34,3
TXN-500111,2023-07-28,Chair,Web,Germany,375.38,4,1501.52,4
TXN-500605,2023-07-29,Laptop,Web,UK,98.71,1,98.71,1
TXN-501252,2023-07-29,Chair,Web,India,1329.37,3,3988.11,5
TXN-500979,2023-07-29,Laptop,Web,UK,1485.42,4,5941.68,4
TXN-500671,2023-07-29,Phone,Web,Canada,1337.28,3,4011.84,3
TXN-500315,2023-07-29,Keyboard,Marketplace,India,977.3,2,1954.6,4
TXN-500916,2023-07-29,Headphones,Web,UK,903.51,3,2710.53,2
TXN-501391,2023-07-30,Phone,Marketplace,USA,364.06,3,1092.18,2
TXN-501133,2023-07-30,Phone,Web,Canada,935.72,3,2807.16,2
TXN-500582,2023-07-30,Chair,Web,Germany,1292.07,4,5168.28,5
TXN-500014,2023-07-30,Phone,Web,Germany,467.76,4,1871.04,3
TXN-500953,2023-07-31,Keyboard,Mobile App,USA,136.12,3,408.36,2
TXN-500541,2023-07-31,Desk,Mobile App,UK,1432.94,1,1432.94,2
TXN-500317,2023-07-31,Headphones,Web,India,118.38,2,236.76,5
TXN-501415,2023-07-31,Headphones,Web,Canada,1221.91,3,3665.73,3
TXN-500356,2023-07-31,Keyboard,Mobile App,Germany,636.63,2,1273.26,1
TXN-501181,2023-07-31,Headphones,Web,UK,1159.57,2,2319.14,5
TXN-500175,2023-07-31,Chair,Web,UK,165.1,2,330.2,5
TXN-501111,2023-07-31,Monitor,Mobile App,India,359.47,2,718.94,3
TXN-500682,2023-08-01,Webcam,Mobile App,UK,322.38,4,1289.52,3
TXN-501416,2023-08-01,Headphones,Web,India,46.71,1,46.71,2
TXN-500579,2023-08-01,Keyboard,Web,USA,1192.93,4,4771.72,4
TXN-500783,2023-08-01,Chair,Web,USA,752.35,4,3009.4,3
TXN-500549,2023-08-01,Monitor,Web,Germany,414.02,2,828.04,3
TXN-501379,2023-08-02,Chair,Web,USA,1421.0,4,5684.0,4
TXN-500181,2023-08-02,Monitor,Web,UK,518.87,4,2075.48,1
TXN-501294,2023-08-02,Headphones,Mobile App,India,1290.47,3,3871.41,2
TXN-500705,2023-08-02,Phone,Web,India,351.11,2,702.22,5
TXN-500941,2023-08-03,Keyboard,Marketplace,Germany,922.64,4,3690.56,5
TXN-500913,2023-08-03,Phone,Web,UK,1009.68,1,1009.68,5
TXN-500101,2023-08-03,Phone,Web,Canada,1457.77,3,4373.31,1
TXN-501042,2023-08-04,Keyboard,Web,India,317.52,3,952.56,3
TXN-500034,2023-08-04,Laptop,Web,India,1057.9,3,3173.7,5
TXN-500914,2023-08-05,Webcam,Web,India,1372.94,2,2745.88,3
TXN-500758,2023-08-05,Headphones,Web,Germany,1394.01,4,5576.04,2
TXN-501070,2023-08-05,Keyboard,Web,Canada,266.46,4,1065.84,2
TXN-500734,2023-08-06,Webcam,Web,India,1347.35,3,4042.05,4
TXN-500099,2023-08-06,Laptop,Mobile App,UK,771.06,1,771.06,5
TXN-500670,2023-08-06,Chair,Web,UK,947.9,3,2843.7,4
TXN-500641,2023-08-06,Phone,Mobile App,Canada,372.73,1,372.73,3
TXN-500793,2023-08-07,Laptop,Web,Canada,964.77,2,1929.54,2
TXN-500769,2023-08-08,Keyboard,Web,USA,458.37,3,1375.11,1
TXN-500718,2023-08-08,Keyboard,Web,Germany,629.5,4,2518.0,3
TXN-500149,2023-08-08,Headphones,Mobile App,India,658.42,4,2633.68,1
TXN-501404,2023-08-08,Phone,Web,UK,368.42,1,368.42,3
TXN-500776,2023-08-08,Monitor,Mobile App,USA,783.85,4,3135.4,5
TXN-500717,2023-08-08,Headphones,Mobile App,Germany,1020.01,1,1020.01,3
TXN-501326,2023-08-09,Webcam,Mobile App,UK,1477.77,3,4433.31,5
TXN-500969,2023-08-09,Headphones,Mobile App,Germany,445.02,3,1335.06,5
TXN-500162,2023-08-09,Laptop,Web,USA,73.26,4,293.04,5
TXN-501428,2023-08-10,Keyboard,Web,Germany,1376.6,3,4129.8,5
TXN-501126,2023-08-10,Chair,Web,USA,559.89,1,559.89,5
TXN-500879,2023-08-10,Monitor,Web,UK,1498.93,1,1498.93,3
TXN-500369,2023-08-11,Webcam,Web,Germany,1030.1,3,3090.3,2
TXN-500375,2023-08-11,Desk,Mobile App,Germany,100.53,3,301.59,4
TXN-500350,2023-08-11,Desk,Web,Canada,542.84,2,1085.68,3
TXN-501328,2023-08-11,Phone,Mobile App,USA,1347.23,1,1347.23,4
TXN-501324,2023-08-11,Phone,Mobile App,USA,819.01,4,3276.04,1
TXN-500076,2023-08-11,Keyboard,Web,UK,764.2,2,1528.4,4
TXN-500307,2023-08-11,Webcam,Mobile App,India,82.99,4,331.96,3
TXN-501146,2023-08-11,Headphones,Web,UK,376.23,2,752.46,1
TXN-500819,2023-08-12,Webcam,Mobile App,India,724.37,1,724.37,2
TXN-500575,2023-08-13,Headphones,Mobile App,Germany,249.38,3,748.14,3
TXN-500377,2023-08-13,Keyboard,Mobile App,Canada,755.78,3,2267.34,2
TXN-500104,2023-08-15,Desk,Web,USA,1297.81,1,1297.81,3
TXN-500082,2023-08-15,Keyboard,Mobile App,USA,1433.53,3,4300.59,2
TXN-500207,2023-08-15,Monitor,Web,India,347.58,2,695.16,5
TXN-501337,2023-08-15,Monitor,Web,Canada,990.3,3,2970.9,5
TXN-501425,2023-08-15,Monitor,Web,UK,1282.77,4,5131.08,4
TXN-500091,2023-08-16,Laptop,Mobile App,India,1276.8,1,1276.8,3
TXN-500286,2023-08-16,Desk,Web,India,228.83,1,228.83,2
TXN-501078,2023-08-16,Webcam,Mobile App,UK,682.42,3,2047.26,2
TXN-500360,2023-08-17,Keyboard,Web,India,1442.08,3,4326.24,2
TXN-500241,2023-08-17,Chair,Mobile App,India,382.48,3,1147.44,5
TXN-501372,2023-08-17,Laptop,Marketplace,Canada,1136.12,3,3408.36,3
TXN-501010,2023-08-17,Laptop,Mobile App,Canada,1205.85,2,2411.7,2
TXN-500721,2023-08-17,Monitor,Web,UK,579.45,1,579.45,1
TXN-500861,2023-08-18,Chair,Mobile App,India,1031.97,1,1031.97,5
TXN-500262,2023-08-18,Headphones,Web,Canada,1284.62,1,1284.62,1
TXN-500017,2023-08-18,Phone,Mobile App,UK,275.81,2,551.62,5
TXN-500525,2023-08-18,Keyboard,Web,Germany,1200.54,4,4802.16,3
TXN-500354,2023-08-18,Webcam,Web,Canada,573.27,2,1146.54,4
TXN-501207,2023-08-19,Headphones,Web,Canada,116.76,4,467.04,2
TXN-501292,2023-08-19,Phone,Web,UK,103.74,2,207.48,3
TXN-501231,2023-08-19,Keyboard,Mobile App,USA,1220.8,3,3662.4,2
TXN-500452,2023-08-19,Phone,Web,UK,1135.44,3,3406.32,3
TXN-500435,2023-08-20,Keyboard,Marketplace,Canada,121.78,3,365.34,3
TXN-501027,2023-08-20,Headphones,Web,Canada,600.32,4,2401.28,5
TXN-500950,2023-08-20,Webcam,Web,Canada,722.58,1,722.58,4
TXN-501365,2023-08-20,Monitor,Web,Germany,780.84,4,3123.36,2
TXN-501423,2023-08-20,Monitor,Web,Canada,511.37,2,1022.74,5
TXN-500327,2023-08-20,Headphones,Web,Canada,516.81,3,1550.43,5
TXN-500732,2023-08-21,Desk,Marketplace,Canada,397.7,4,1590.8,3
TXN-501073,2023-08-21,Webcam,Web,UK,1083.25,1,1083.25,1
TXN-500220,2023-08-21,Phone,Marketplace,USA,1035.62,3,3106.86,2
TXN-500917,2023-08-21,Monitor,Mobile App,Germany,464.53,2,929.06,4
TXN-500638,2023-08-22,Webcam,Mobile App,USA,384.63,2,769.26,4
TXN-501081,2023-08-22,Phone,Web,USA,993.27,1,993.27,2
TXN-500995,2023-08-22,Desk,Web,Canada,838.26,3,2514.78,2
TXN-500932,2023-08-22,Keyboard,Mobile App,USA,1005.98,4,4023.92,5
TXN-500645,2023-08-22,Headphones,Web,India,1068.15,2,2136.3,2
TXN-500996,2023-08-22,Webcam,Mobile App,Canada,384.58,4,1538.32,4
TXN-500892,2023-08-23,Desk,Web,Germany,774.94,4,3099.76,3
TXN-500592,2023-08-23,Phone,Web,UK,115.64,1,115.64,1
TXN-501309,2023-08-23,Monitor,Web,Canada,114.19,2,228.38,5
TXN-500504,2023-08-23,Headphones,Mobile App,UK,132.85,2,265.7,4
TXN-500738,2023-08-23,Laptop,Mobile App,UK,1457.25,1,1457.25,4
TXN-500642,2023-08-24,Webcam,Mobile App,UK,464.85,4,1859.4,4
TXN-500260,2023-08-24,Desk,Web,Canada,377.01,4,1508.04,1
TXN-500791,2023-08-24,Chair,Marketplace,UK,852.32,1,852.32,3
TXN-500848,2023-08-24,Chair,Marketplace,Germany,943.34,4,3773.36,3
TXN-500784,2023-08-24,Keyboard,Marketplace,Canada,914.79,4,3659.16,3
TXN-501241,2023-08-25,Phone,Mobile App,UK,1189.28,1,1189.28,5
TXN-500664,2023-08-25,Chair,Web,Canada,1203.06,3,3609.18,5
TXN-500593,2023-08-25,Phone,Mobile App,UK,154.26,4,617.04,2
TXN-500795,2023-08-26,Keyboard,Marketplace,Germany,1116.86,3,3350.58,5
TXN-500681,2023-08-26,Desk,Web,Germany,828.44,1,828.44,5
TXN-501022,2023-08-26,Laptop,Mobile App,Germany,936.49,2,1872.98,1
TXN-500026,2023-08-26,Chair,Web,Canada,1119.81,2,2239.62,3
TXN-501021,2023-08-26,Headphones,Web,India,715.27,3,2145.81,1
TXN-500061,2023-08-26,Keyboard,Mobile App,India,1246.23,1,1246.23,3
TXN-500428,2023-08-27,Keyboard,Web,UK,523.07,1,523.07,3
TXN-500559,2023-08-27,Chair,Web,USA,1303.41,1,1303.41,1
TXN-501194,2023-08-27,Phone,Web,India,152.43,2,304.86,3
TXN-500556,2023-08-27,Phone,Marketplace,USA,795.7,1,795.7,4
TXN-500192,2023-08-27,Keyboard,Web,UK,1088.85,3,3266.55,3
TXN-501173,2023-08-27,Chair,Web,India,985.44,3,2956.32,3
TXN-501201,2023-08-27,Laptop,Web,India,186.42,3,559.26,1
TXN-500603,2023-08-28,Keyboard,Mobile App,UK,1243.24,4,4972.96,5
TXN-500951,2023-08-29,Desk,Web,UK,1039.51,3,3118.53,4
TXN-500096,2023-08-29,Headphones,Mobile App,UK,1355.41,2,2710.82,3
TXN-501333,2023-08-30,Phone,Marketplace,UK,155.52,4,622.08,1
TXN-500871,2023-08-30,Laptop,Web,Germany,1365.22,1,1365.22,1
TXN-500637,2023-08-30,Laptop,Web,USA,814.69,4,3258.76,4
TXN-501199,2023-08-30,Monitor,Mobile App,Canada,449.75,2,899.5,4
TXN-501253,2023-08-31,Phone,Web,Canada,464.06,3,1392.18,4
TXN-500269,2023-08-31,Headphones,Marketplace,UK,765.02,4,3060.08,3
TXN-501280,2023-08-31,Headphones,Mobile App,USA,1316.49,1,1316.49,1
TXN-500081,2023-08-31,Chair,Web,India,803.88,1,803.88,4
TXN-501091,2023-08-31,Desk,Mobile App,USA,974.5,2,1949.0,2
TXN-500029,2023-08-31,Desk,Web,Germany,991.12,2,1982.24,5
TXN-500425,2023-08-31,Headphones,Web,India,728.03,4,2912.12,3
TXN-500131,2023-09-01,Monitor,Web,Germany,718.7,4,2874.8,1
TXN-500143,2023-09-01,Headphones,Web,Germany,1487.0,3,4461.0,3
TXN-500915,2023-09-01,Laptop,Mobile App,Germany,973.32,2,1946.64,2
TXN-500031,2023-09-02,Chair,Web,UK,135.51,4,542.04,3
TXN-500667,2023-09-03,Headphones,Mobile App,Germany,74.37,1,74.37,4
TXN-500994,2023-09-03,Phone,Mobile App,UK,1351.17,2,2702.34,2
TXN-500146,2023-09-03,Chair,Web,USA,1441.08,4,5764.32,4
TXN-500219,2023-09-03,Webcam,Web,USA,786.88,1,786.88,2
TXN-501209,2023-09-03,Keyboard,Marketplace,India,636.5,2,1273.0,5
TXN-500680,2023-09-04,Laptop,Mobile App,Germany,684.76,2,1369.52,1
TXN-501354,2023-09-04,Phone,Marketplace,Canada,703.25,1,703.25,4
TXN-500036,2023-09-05,Chair,Mobile App,Germany,908.02,4,3632.08,2
TXN-500005,2023-09-05,Webcam,Web,Canada,506.32,4,2025.28,3
TXN-501445,2023-09-05,Webcam,Mobile App,India,1053.75,2,2107.5,5
TXN-500612,2023-09-06,Phone,Web,UK,1019.23,3,3057.69,4
TXN-500070,2023-09-06,Keyboard,Mobile App,USA,954.94,2,1909.88,4
TXN-500685,2023-09-06,Headphones,Web,UK,331.64,3,994.92,5
TXN-500975,2023-09-06,Keyboard,Web,Germany,675.07,2,1350.14,5
TXN-500410,2023-09-06,Desk,Web,USA,996.6,4,3986.4,1
TXN-500310,2023-09-06,Chair,Mobile App,India,531.88,3,1595.64,5
TXN-500963,2023-09-06,Chair,Mobile App,Canada,981.11,3,2943.33,2
TXN-500423,2023-09-06,Laptop,Web,UK,1248.23,3,3744.69,3
TXN-500309,2023-09-06,Laptop,Web,USA,1489.08,1,1489.08,1
TXN-500015,2023-09-06,Desk,Web,India,455.45,4,1821.8,2
TXN-501197,2023-09-06,Desk,Mobile App,USA,1322.18,4,5288.72,3
TXN-500295,2023-09-06,Phone,Marketplace,UK,1463.91,4,5855.64,2
TXN-500263,2023-09-07,Laptop,Marketplace,Canada,507.1,2,1014.2,5
TXN-500168,2023-09-07,Monitor,Marketplace,UK,1493.35,2,2986.7,3
TXN-500475,2023-09-07,Laptop,Mobile App,USA,1493.0,3,4479.0,4
TXN-500884,2023-09-07,Phone,Web,Canada,1217.91,3,3653.73,5
TXN-501225,2023-09-07,Monitor,Mobile App,USA,356.75,2,713.5,2
TXN-501032,2023-09-08,Webcam,Mobile App,Germany,139.36,2,278.72,5
TXN-500535,2023-09-08,Phone,Web,UK,1392.74,1,1392.74,3
TXN-500019,2023-09-08,Phone,Web,UK,1056.86,4,4227.44,1
TXN-500248,2023-09-08,Chair,Mobile App,India,672.11,2,1344.22,2
TXN-500092,2023-09-08,Headphones,Web,UK,291.45,2,582.9,5
TXN-501205,2023-09-08,Webcam,Marketplace,USA,668.01,3,2004.03,3
TXN-500398,2023-09-08,Chair,Web,India,567.94,1,567.94,4
TXN-501118,2023-09-09,Desk,Mobile App,Germany,721.37,1,721.37,4
TXN-500195,2023-09-09,Phone,Mobile App,Canada,333.98,1,333.98,3
TXN-500870,2023-09-10,Headphones,Web,UK,496.49,1,496.49,5
TXN-500134,2023-09-10,Laptop,Mobile App,UK,1015.88,3,3047.64,3
TXN-500491,2023-09-10,Monitor,Mobile App,UK,269.63,3,808.89,3
TXN-500319,2023-09-10,Phone,Web,India,960.05,4,3840.2,4
TXN-500098,2023-09-10,Monitor,Web,UK,102.98,4,411.92,4
TXN-501066,2023-09-10,Phone,Web,Canada,558.99,2,1117.98,5
TXN-500858,2023-09-11,Laptop,Marketplace,Germany,536.17,1,536.17,4
TXN-501484,2023-09-11,Desk,Web,Germany,1467.04,1,1467.04,3
TXN-500822,2023-09-11,Desk,Marketplace,Germany,1052.74,1,1052.74,4
TXN-500813,2023-09-11,Chair,Mobile App,Canada,60.12,3,180.36,2
TXN-500421,2023-09-12,Desk,Mobile App,USA,1352.34,2,2704.68,5
TXN-501101,2023-09-12,Keyboard,Web,Germany,184.91,3,554.73,1
TXN-500349,2023-09-13,Headphones,Marketplace,Germany,564.59,1,564.59,4
TXN-500801,2023-09-13,Laptop,Mobile App,UK,1485.96,1,1485.96,4
TXN-500458,2023-09-14,Webcam,Web,Canada,78.58,1,78.58,4
TXN-501282,2023-09-14,Keyboard,Web,Canada,1161.9,4,4647.6,1
TXN-500439,2023-09-14,Laptop,Web,UK,228.31,2,456.62,5
TXN-500699,2023-09-14,Webcam,Marketplace,Germany,861.49,2,1722.98,1
TXN-500925,2023-09-14,Webcam,Web,USA,498.7,2,997.4,3
TXN-500461,2023-09-14,Laptop,Web,UK,1306.23,1,1306.23,3
TXN-500028,2023-09-15,Keyboard,Web,Germany,219.59,4,878.36,4
TXN-500532,2023-09-15,Monitor,Web,India,118.89,4,475.56,3
TXN-500810,2023-09-15,Monitor,Web,UK,729.41,3,2188.23,3
TXN-500595,2023-09-15,Headphones,Marketplace,India,1456.19,4,5824.76,5
TXN-500715,2023-09-15,Chair,Marketplace,Canada,988.0,3,2964.0,4
TXN-501033,2023-09-16,Chair,Marketplace,India,546.05,1,546.05,2
TXN-500764,2023-09-16,Monitor,Mobile App,Germany,1270.49,2,2540.98,4
TXN-500619,2023-09-16,Chair,Mobile App,Germany,1102.86,1,1102.86,1
TXN-501063,2023-09-16,Keyboard,Marketplace,Germany,426.99,3,1280.97,2
TXN-501357,2023-09-16,Headphones,Web,UK,1159.16,4,4636.64,3
TXN-500648,2023-09-17,Phone,Mobile App,Germany,40.75,2,81.5,5
TXN-501178,2023-09-17,Monitor,Web,UK,1211.95,4,4847.8,5
TXN-501347,2023-09-17,Desk,Web,India,463.15,1,463.15,4
TXN-501046,2023-09-17,Desk,Web,Germany,83.02,4,332.08,4
TXN-500992,2023-09-17,Keyboard,Web,Canada,917.57,2,1835.14,2
TXN-500629,2023-09-18,Laptop,Web,USA,1237.14,1,1237.14,2
TXN-500402,2023-09-18,Desk,Web,India,761.38,2,1522.76,3
TXN-501004,2023-09-18,Chair,Web,USA,1253.36,1,1253.36,5
TXN-500531,2023-09-18,Keyboard,Web,India,139.39,3,418.17,4
TXN-501166,2023-09-19,Keyboard,Marketplace,UK,704.93,3,2114.79,4
TXN-500213,2023-09-20,Headphones,Web,Canada,553.62,2,1107.24,2
TXN-500550,2023-09-20,Webcam,Web,Germany,731.22,2,1462.44,3
TXN-501269,2023-09-20,Phone,Web,India,1220.08,1,1220.08,3
TXN-500477,2023-09-20,Monitor,Mobile App,Canada,798.45,1,798.45,2
TXN-501307,2023-09-20,Webcam,Web,Canada,960.3,3,2880.9,5
TXN-500150,2023-09-20,Keyboard,Web,USA,376.17,3,1128.51,1
TXN-500392,2023-09-21,Chair,Web,USA,1096.35,4,4385.4,4
TXN-500927,2023-09-21,Headphones,Web,India,789.43,1,789.43,5
TXN-500252,2023-09-21,Chair,Mobile App,India,51.94,3,155.82,4
TXN-500602,2023-09-21,Chair,Mobile App,USA,440.35,1,440.35,4
TXN-500660,2023-09-22,Keyboard,Web,Germany,1172.02,2,2344.04,1
TXN-500069,2023-09-22,Monitor,Web,UK,1407.58,2,2815.16,1
TXN-500242,2023-09-22,Webcam,Mobile App,Canada,904.66,2,1809.32,3
TXN-500733,2023-09-22,Keyboard,Mobile App,India,1255.74,4,5022.96,1
TXN-500171,2023-09-23,Laptop,Web,UK,218.27,2,436.54,4
TXN-500516,2023-09-23,Laptop,Web,Canada,184.95,4,739.8,5
TXN-500411,2023-09-24,Chair,Mobile App,Canada,637.7,2,1275.4,5
TXN-500989,2023-09-24,Chair,Web,India,1474.35,1,1474.35,3
TXN-500594,2023-09-24,Webcam,Web,USA,291.79,3,875.37,5
TXN-500321,2023-09-24,Desk,Mobile App,USA,361.84,1,361.84,1
TXN-501227,2023-09-24,Laptop,Mobile App,USA,188.41,2,376.82,4
TXN-500973,2023-09-24,Webcam,Marketplace,Germany,990.67,2,1981.34,4
TXN-501362,2023-09-24,Webcam,Mobile App,UK,1411.44,2,2822.88,2
TXN-500492,2023-09-24,Keyboard,Web,USA,31.11,3,93.33,1
TXN-500672,2023-09-24,Laptop,Mobile App,USA,589.1,2,1178.2,4
TXN-500251,2023-09-24,Monitor,Mobile App,Germany,765.61,2,1531.22,5
TXN-500186,2023-09-25,Laptop,Web,Germany,516.57,1,516.57,5
TXN-501036,2023-09-25,Webcam,Mobile App,Germany,765.09,2,1530.18,2
TXN-500711,2023-09-26,Monitor,Web,India,1370.45,2,2740.9,5
TXN-500030,2023-09-26,Laptop,Web,Canada,1405.3,1,1405.3,5
TXN-500954,2023-09-26,Phone,Mobile App,India,622.87,1,622.87,3
TXN-500100,2023-09-26,Chair,Web,Canada,1315.5,4,5262.0,5
TXN-500613,2023-09-27,Webcam,Web,Canada,454.01,2,908.02,2
TXN-500176,2023-09-27,Headphones,Web,Germany,542.51,1,542.51,2
TXN-500574,2023-09-27,Monitor,Mobile App,USA,771.06,2,1542.12,4
TXN-500708,2023-09-27,Chair,Web,India,1109.22,2,2218.44,3
TXN-500546,2023-09-28,Phone,Web,Germany,1369.02,2,2738.04,4
TXN-500860,2023-09-28,Phone,Marketplace,Canada,926.14,2,1852.28,2
TXN-500658,2023-09-28,Webcam,Web,India,919.81,2,1839.62,3
TXN-501065,2023-09-28,Laptop,Marketplace,UK,1234.21,1,1234.21,1
TXN-500529,2023-09-28,Chair,Mobile App,USA,952.37,4,3809.48,3
TXN-501361,2023-09-28,Laptop,Web,Germany,724.7,3,2174.1,4
TXN-501461,2023-09-28,Webcam,Marketplace,Canada,1439.05,1,1439.05,5
TXN-500466,2023-09-28,Keyboard,Web,Germany,458.9,1,458.9,4
TXN-501275,2023-09-29,Desk,Web,UK,1131.19,4,4524.76,1
TXN-500040,2023-09-29,Chair,Web,Canada,935.41,2,1870.82,2
TXN-500781,2023-09-30,Headphones,Web,USA,1190.43,4,4761.72,2
TXN-500659,2023-09-30,Headphones,Web,UK,772.44,4,3089.76,2
TXN-500770,2023-09-30,Monitor,Marketplace,Canada,595.71,4,2382.84,1
TXN-500136,2023-09-30,Headphones,Mobile App,Germany,108.71,2,217.42,3
TXN-500728,2023-09-30,Monitor,Mobile App,Canada,280.55,2,561.1,1
TXN-501143,2023-10-01,Keyboard,Marketplace,USA,100.7,2,201.4,1
TXN-500580,2023-10-01,Desk,Web,USA,1337.27,3,4011.81,1
TXN-500877,2023-10-01,Laptop,Web,Canada,803.59,2,1607.18,3
TXN-500636,2023-10-01,Desk,Web,USA,200.87,1,200.87,4
TXN-500227,2023-10-01,Laptop,Web,Germany,664.35,2,1328.7,5
TXN-501153,2023-10-01,Desk,Web,Germany,539.59,1,539.59,5
TXN-500978,2023-10-02,Desk,Mobile App,India,736.72,4,2946.88,2
TXN-501119,2023-10-02,Desk,Mobile App,India,472.03,2,944.06,3
TXN-501238,2023-10-02,Webcam,Web,Canada,555.28,3,1665.84,2
TXN-500064,2023-10-03,Monitor,Mobile App,Canada,1468.37,1,1468.37,2
TXN-500709,2023-10-03,Laptop,Mobile App,India,1453.35,3,4360.05,3
TXN-500072,2023-10-03,Headphones,Web,India,1211.56,1,1211.56,5
TXN-500121,2023-10-04,Laptop,Web,USA,741.5,2,1483.0,2
TXN-501396,2023-10-04,Chair,Mobile App,UK,1496.71,3,4490.13,1
TXN-500376,2023-10-04,Headphones,Web,UK,886.63,3,2659.89,5
TXN-501452,2023-10-04,Desk,Web,Canada,948.51,1,948.51,4
TXN-501300,2023-10-04,Desk,Web,UK,747.52,3,2242.56,2
TXN-500216,2023-10-05,Headphones,Web,India,1070.85,4,4283.4,4
TXN-500972,2023-10-05,Chair,Marketplace,India,416.2,4,1664.8,3
TXN-500311,2023-10-05,Laptop,Web,USA,500.65,2,1001.3,3
TXN-501277,2023-10-05,Laptop,Web,Germany,663.67,2,1327.34,3
TXN-500279,2023-10-05,Phone,Mobile App,India,171.21,4,684.84,5
TXN-501437,2023-10-05,Keyboard,Mobile App,Germany,957.2,1,957.2,2
TXN-500051,2023-10-06,Monitor,Web,India,150.54,3,451.62,3
TXN-500773,2023-10-06,Laptop,Mobile App,India,677.84,4,2711.36,1
TXN-500142,2023-10-06,Webcam,Web,UK,821.5,4,3286.0,5
TXN-500114,2023-10-06,Desk,Web,USA,1429.65,3,4288.95,4
TXN-500448,2023-10-06,Laptop,Mobile App,India,1373.6,3,4120.8,2
TXN-501246,2023-10-06,Chair,Marketplace,Canada,839.71,2,1679.42,5
TXN-500060,2023-10-07,Headphones,Mobile App,UK,109.41,2,218.82,1
TXN-501072,2023-10-07,Keyboard,Web,USA,138.2,3,414.6,4
TXN-501263,2023-10-07,Phone,Web,Germany,627.71,3,1883.13,1
TXN-501327,2023-10-07,Keyboard,Mobile App,UK,664.69,4,2658.76,2
TXN-500981,2023-10-07,Webcam,Web,Canada,238.72,4,954.88,1
TXN-500266,2023-10-07,Webcam,Web,Germany,1045.65,2,2091.3,3
TXN-500126,2023-10-08,Phone,Mobile App,USA,447.84,2,895.68,2
TXN-501084,2023-10-08,Phone,Mobile App,USA,1006.77,1,1006.77,2
TXN-500335,2023-10-09,Monitor,Marketplace,UK,448.86,4,1795.44,2
TXN-500976,2023-10-09,Desk,Web,Germany,1165.19,3,3495.57,1
TXN-501381,2023-10-09,Webcam,Web,India,621.28,3,1863.84,4
TXN-500299,2023-10-09,Headphones,Marketplace,India,85.66,1,85.66,1
TXN-500794,2023-10-09,Webcam,Marketplace,UK,85.62,3,256.86,2
TXN-500013,2023-10-09,Laptop,Web,UK,258.97,2,517.94,3
TXN-500919,2023-10-10,Phone,Mobile App,Germany,1129.56,2,2259.12,3
TXN-500085,2023-10-10,Monitor,Marketplace,USA,959.6,3,2878.8,1
TXN-500806,2023-10-10,Headphones,Mobile App,UK,986.36,1,986.36,4
TXN-500757,2023-10-10,Headphones,Mobile App,USA,1033.84,3,3101.52,4
TXN-501351,2023-10-11,Chair,Marketplace,Germany,943.63,4,3774.52,4
TXN-500041,2023-10-11,Desk,Web,India,1030.54,2,2061.08,3
TXN-500478,2023-10-11,Monitor,Mobile App,Canada,1216.51,2,2433.02,4
TXN-500323,2023-10-11,Webcam,Web,USA,846.4,1,846.4,3
TXN-500767,2023-10-11,Laptop,Mobile App,UK,1491.22,3,4473.66,4
TXN-501310,2023-10-12,Desk,Web,Canada,1281.64,2,2563.28,4
TXN-500313,2023-10-12,Phone,Marketplace,Germany,1480.97,1,1480.97,1
TXN-500158,2023-10-12,Chair,Marketplace,India,129.06,4,516.24,5
TXN-501261,2023-10-12,Laptop,Mobile App,India,1057.57,1,1057.57,1
TXN-500676,2023-10-12,Chair,Web,UK,578.7,4,2314.8,3
TXN-500057,2023-10-12,Chair,Web,Germany,1417.24,2,2834.48,1
TXN-501336,2023-10-12,Headphones,Web,India,1343.21,3,4029.63,1
TXN-500874,2023-10-13,Desk,Web,USA,279.08,3,837.24,1
TXN-500211,2023-10-13,Desk,Web,India,1141.18,1,1141.18,5
TXN-501293,2023-10-13,Headphones,Mobile App,Canada,549.66,1,549.66,3
TXN-500440,2023-10-13,Chair,Web,UK,1369.52,4,5478.08,2
TXN-500197,2023-10-13,Monitor,Mobile App,Germany,1304.52,1,1304.52,5
TXN-500273,2023-10-14,Desk,Web,Canada,703.72,2,1407.44,4
TXN-501076,2023-10-14,Laptop,Mobile App,UK,1342.16,2,2684.32,1
TXN-500290,2023-10-15,Webcam,Web,India,1234.46,3,3703.38,2
TXN-500010,2023-10-16,Keyboard,Marketplace,UK,777.92,4,3111.68,3
TXN-500155,2023-10-16,Chair,Marketplace,USA,1395.15,2,2790.3,5
TXN-500341,2023-10-16,Laptop,Marketplace,India,1400.94,1,1400.94,4
TXN-500208,2023-10-16,Laptop,Web,India,1353.95,4,5415.8,1
TXN-501267,2023-10-16,Webcam,Web,UK,1120.9,1,1120.9,3
TXN-500125,2023-10-17,Chair,Web,India,978.4,1,978.4,5
TXN-501085,2023-10-17,Phone,Web,USA,915.94,2,1831.88,1
TXN-500044,2023-10-17,Chair,Marketplace,India,248.8,1,248.8,1
TXN-500509,2023-10-18,Laptop,Marketplace,USA,1072.29,4,4289.16,3
TXN-500024,2023-10-18,Keyboard,Mobile App,Germany,609.14,2,1218.28,3
TXN-500591,2023-10-18,Keyboard,Mobile App,India,101.74,1,101.74,4
TXN-500400,2023-10-19,Phone,Mobile App,UK,633.28,4,2533.12,1
TXN-501167,2023-10-19,Desk,Mobile App,Canada,195.41,1,195.41,2
TXN-501358,2023-10-19,Webcam,Web,India,37.62,3,112.86,5
TXN-500324,2023-10-19,Headphones,Web,Canada,1454.93,4,5819.72,4
TXN-501287,2023-10-20,Webcam,Marketplace,Germany,308.83,2,617.66,4
TXN-501242,2023-10-20,Monitor,Web,Canada,1115.36,3,3346.08,4
TXN-500768,2023-10-21,Webcam,Web,Germany,892.19,2,1784.38,5
TXN-501366,2023-10-21,Chair,Web,Germany,654.78,1,654.78,2
TXN-500639,2023-10-21,Chair,Web,UK,917.46,1,917.46,3
TXN-500221,2023-10-21,Headphones,Mobile App,Germany,785.45,3,2356.35,2
TXN-500921,2023-10-22,Webcam,Mobile App,Germany,1173.86,3,3521.58,1
TXN-500955,2023-10-22,Monitor,Web,India,1159.39,3,3478.17,4
TXN-500825,2023-10-22,Laptop,Web,Canada,896.93,1,896.93,5
TXN-501380,2023-10-23,Webcam,Mobile App,Germany,1373.68,2,2747.36,5
TXN-500621,2023-10-23,Monitor,Web,India,1281.91,1,1281.91,4
TXN-500726,2023-10-23,Monitor,Web,Germany,865.72,4,3462.88,1
TXN-500215,2023-10-24,Desk,Mobile App,USA,498.52,3,1495.56,2
TXN-500506,2023-10-24,Laptop,Web,UK,133.09,3,399.27,5
TXN-501286,2023-10-24,Keyboard,Web,UK,247.27,1,247.27,1
TXN-500657,2023-10-24,Monitor,Mobile App,Canada,1398.3,2,2796.6,1
TXN-500419,2023-10-24,Chair,Marketplace,USA,1129.67,1,1129.67,3
TXN-500518,2023-10-24,Laptop,Mobile App,USA,110.79,4,443.16,1
TXN-501363,2023-10-25,Headphones,Mobile App,USA,1268.61,3,3805.83,2
TXN-501218,2023-10-25,Webcam,Web,USA,1496.03,4,5984.12,2
TXN-500333,2023-10-25,Chair,Marketplace,UK,94.39,2,188.78,4
TXN-500528,2023-10-25,Laptop,Web,USA,1237.37,3,3712.11,3
TXN-500494,2023-10-25,Desk,Web,UK,1131.28,4,4525.12,5
TXN-500635,2023-10-25,Laptop,Web,Canada,1459.4,1,1459.4,1
TXN-500647,2023-10-26,Keyboard,Mobile App,USA,600.59,2,1201.18,2
TXN-500023,2023-10-26,Keyboard,Web,UK,536.38,2,1072.76,4
TXN-500893,2023-10-26,Chair,Mobile App,Germany,742.87,1,742.87,5
TXN-501132,2023-10-26,Webcam,Mobile App,UK,748.61,1,748.61,2
TXN-501375,2023-10-26,Keyboard,Web,India,1384.04,1,1384.04,4
TXN-500677,2023-10-26,Monitor,Mobile App,Canada,53.49,4,213.96,1
TXN-500381,2023-10-26,Keyboard,Web,UK,1230.06,4,4920.24,2
TXN-501049,2023-10-27,Headphones,Mobile App,USA,1362.63,4,5450.52,1
TXN-500497,2023-10-27,Keyboard,Mobile App,Germany,1400.88,4,5603.52,3
TXN-500259,2023-10-27,Keyboard,Web,UK,1285.06,4,5140.24,4
TXN-500187,2023-10-27,Webcam,Mobile App,UK,1356.2,3,4068.6,1
TXN-500178,2023-10-27,Laptop,Mobile App,Canada,1494.96,1,1494.96,4
TXN-500130,2023-10-27,Monitor,Marketplace,Germany,1248.61,3,3745.83,1
TXN-501475,2023-10-27,Desk,Mobile App,USA,757.56,2,1515.12,2
TXN-500189,2023-10-28,Monitor,Marketplace,USA,869.83,2,1739.66,2
TXN-500598,2023-10-28,Laptop,Mobile App,USA,48.73,1,48.73,3
TXN-500702,2023-10-28,Keyboard,Mobile App,Canada,124.77,3,374.31,1
TXN-501009,2023-10-28,Desk,Web,Canada,408.03,3,1224.09,1
TXN-500991,2023-10-28,Phone,Web,Germany,938.81,4,3755.24,1
TXN-500970,2023-10-28,Laptop,Mobile App,UK,1248.68,3,3746.04,1
TXN-500039,2023-10-28,Monitor,Web,UK,908.23,1,908.23,1
TXN-500907,2023-10-29,Webcam,Web,India,583.28,3,1749.84,2
TXN-501219,2023-10-29,Webcam,Mobile App,USA,1121.57,1,1121.57,3
TXN-501466,2023-10-29,Phone,Web,Germany,67.53,4,270.12,1
TXN-500049,2023-10-29,Keyboard,Web,USA,1451.67,1,1451.67,2
TXN-500245,2023-10-29,Desk,Web,USA,887.88,2,1775.76,2
TXN-500094,2023-10-30,Headphones,Mobile App,USA,1081.67,4,4326.68,5
TXN-501268,2023-10-30,Webcam,Mobile App,India,1477.98,4,5911.92,4
TXN-500622,2023-10-30,Keyboard,Mobile App,UK,744.32,4,2977.28,5
TXN-501438,2023-10-31,Keyboard,Mobile App,USA,183.19,2,366.38,2
TXN-500876,2023-10-31,Desk,Mobile App,India,250.34,2,500.68,4
TXN-500027,2023-10-31,Keyboard,Marketplace,Germany,729.15,1,729.15,3
TXN-501162,2023-10-31,Headphones,Mobile App,India,952.4,3,2857.2,3
TXN-500416,2023-10-31,Headphones,Mobile App,Germany,466.25,1,466.25,4
TXN-500165,2023-10-31,Laptop,Web,UK,844.65,2,1689.3,4
TXN-500373,2023-11-01,Phone,Web,UK,351.95,4,1407.8,5
TXN-500646,2023-11-01,Chair,Mobile App,Germany,1020.5,1,1020.5,3
TXN-501086,2023-11-01,Phone,Mobile App,Canada,253.59,1,253.59,1
TXN-501028,2023-11-01,Chair,Web,Germany,1025.52,1,1025.52,1
TXN-500199,2023-11-01,Laptop,Mobile App,Canada,282.92,4,1131.68,1
TXN-501160,2023-11-01,Desk,Mobile App,Canada,871.22,4,3484.88,2
TXN-500280,2023-11-02,Chair,Web,Germany,1438.28,3,4314.84,1
TXN-500203,2023-11-02,Keyboard,Mobile App,Canada,977.57,1,977.57,2
TXN-501006,2023-11-03,Phone,Mobile App,India,147.36,4,589.44,2
TXN-501390,2023-11-03,Webcam,Web,Germany,1290.5,3,3871.5,1
TXN-500224,2023-11-03,Laptop,Mobile App,Germany,1171.93,1,1171.93,1
TXN-500374,2023-11-04,Webcam,Mobile App,India,28.96,4,115.84,5
TXN-500739,2023-11-04,Desk,Mobile App,UK,132.23,3,396.69,5
TXN-500662,2023-11-04,Monitor,Web,Germany,1222.62,1,1222.62,3
TXN-500888,2023-11-04,Desk,Web,UK,319.25,1,319.25,1
TXN-501020,2023-11-05,Desk,Web,UK,1488.61,2,2977.22,1
TXN-501316,2023-11-06,Laptop,Web,Germany,1142.26,4,4569.04,1
TXN-501136,2023-11-06,Headphones,Mobile App,Germany,947.92,2,1895.84,5
TXN-500730,2023-11-06,Monitor,Marketplace,Canada,556.89,2,1113.78,3
TXN-500124,2023-11-06,Desk,Marketplace,India,477.36,1,477.36,1
TXN-500427,2023-11-06,Monitor,Web,UK,736.69,2,1473.38,2
TXN-501459,2023-11-07,Chair,Web,Germany,434.67,3,1304.01,2
TXN-501321,2023-11-07,Monitor,Mobile App,India,1309.87,4,5239.48,5
TXN-500145,2023-11-07,Laptop,Web,USA,329.19,1,329.19,3
TXN-500949,2023-11-07,Phone,Web,India,648.61,4,2594.44,1
TXN-500012,2023-11-07,Headphones,Mobile App,USA,35.36,2,70.72,3
TXN-500276,2023-11-08,Phone,Web,UK,235.46,1,235.46,4
TXN-501255,2023-11-08,Chair,Mobile App,Canada,1279.83,4,5119.32,4
TXN-500966,2023-11-08,Desk,Web,Canada,1478.7,2,2957.4,2
TXN-500107,2023-11-08,Keyboard,Mobile App,UK,858.93,2,1717.86,3
TXN-500967,2023-11-09,Webcam,Web,UK,726.74,1,726.74,1
TXN-500418,2023-11-09,Phone,Web,Germany,226.36,2,452.72,1
TXN-500405,2023-11-10,Keyboard,Web,Canada,282.2,2,564.4,1
TXN-500962,2023-11-10,Headphones,Marketplace,Canada,818.52,1,818.52,5
TXN-501418,2023-11-10,Monitor,Mobile App,USA,884.42,2,1768.84,3
TXN-501168,2023-11-10,Chair,Mobile App,Canada,1193.81,4,4775.24,3
TXN-500109,2023-11-10,Headphones,Marketplace,UK,880.83,1,880.83,4
TXN-500933,2023-11-10,Laptop,Web,UK,823.71,4,3294.84,5
TXN-500006,2023-11-11,Phone,Mobile App,USA,1173.54,2,2347.08,5
TXN-501421,2023-11-11,Monitor,Mobile App,Germany,170.3,4,681.2,4
TXN-501441,2023-11-11,Keyboard,Mobile App,Germany,822.61,3,2467.83,4
TXN-500883,2023-11-11,Chair,Web,USA,114.34,2,228.68,1
TXN-500442,2023-11-12,Keyboard,Web,India,935.28,2,1870.56,2
TXN-500900,2023-11-12,Chair,Web,Germany,692.98,4,2771.92,5
TXN-500050,2023-11-12,Headphones,Web,USA,953.6,3,2860.8,2
TXN-500184,2023-11-12,Webcam,Mobile App,UK,1015.65,3,3046.95,3
TXN-500897,2023-11-12,Laptop,Web,India,1022.02,4,4088.08,3
TXN-500292,2023-11-13,Chair,Mobile App,Germany,1269.85,4,5079.4,1
TXN-500003,2023-11-13,Monitor,Mobile App,Germany,1344.67,2,2689.34,3
TXN-500232,2023-11-14,Headphones,Mobile App,USA,1293.02,1,1293.02,4
TXN-500272,2023-11-14,Chair,Web,Canada,1088.62,2,2177.24,1
TXN-500401,2023-11-14,Laptop,Marketplace,Germany,1140.03,1,1140.03,1
TXN-501472,2023-11-14,Headphones,Web,Canada,713.29,2,1426.58,3
TXN-500004,2023-11-15,Webcam,Web,USA,570.88,1,570.88,3
TXN-501001,2023-11-15,Desk,Mobile App,Canada,1362.37,2,2724.74,5
TXN-501037,2023-11-15,Monitor,Web,USA,490.3,3,1470.9,2
TXN-500048,2023-11-16,Webcam,Web,India,592.42,1,592.42,3
TXN-500179,2023-11-16,Laptop,Web,UK,1036.14,3,3108.42,1
TXN-501180,2023-11-16,Desk,Web,UK,1425.52,3,4276.56,3
TXN-500679,2023-11-17,Webcam,Mobile App,Canada,1183.81,4,4735.24,5
TXN-500404,2023-11-18,Monitor,Marketplace,Canada,72.21,4,288.84,1
TXN-500909,2023-11-19,Monitor,Web,Germany,43.45,4,173.8,4
TXN-500729,2023-11-19,Laptop,Web,UK,880.81,3,2642.43,3
TXN-501017,2023-11-20,Chair,Web,India,1182.12,2,2364.24,3
TXN-500864,2023-11-20,Keyboard,Web,UK,132.55,4,530.2,1
TXN-501097,2023-11-20,Headphones,Web,UK,114.72,2,229.44,5
TXN-500947,2023-11-20,Chair,Marketplace,Canada,998.18,4,3992.72,2
TXN-501448,2023-11-21,Keyboard,Web,Germany,1046.6,1,1046.6,3
TXN-501470,2023-11-21,Webcam,Marketplace,Germany,503.28,2,1006.56,2
TXN-500148,2023-11-21,Headphones,Web,Germany,90.85,4,363.4,4
TXN-500235,2023-11-21,Keyboard,Web,Canada,1273.75,4,5095.0,3
TXN-501018,2023-11-21,Phone,Marketplace,Canada,1026.02,4,4104.08,5
TXN-500270,2023-11-22,Webcam,Mobile App,UK,1130.62,1,1130.62,2
TXN-501215,2023-11-22,Desk,Web,USA,920.1,2,1840.2,5
TXN-500885,2023-11-22,Keyboard,Web,India,1142.4,4,4569.6,5
TXN-501439,2023-11-22,Laptop,Web,USA,22.16,4,88.64,5
TXN-501169,2023-11-23,Headphones,Web,India,1330.09,4,5320.36,1
TXN-500993,2023-11-23,Desk,Marketplace,India,495.44,2,990.88,5
TXN-500415,2023-11-23,Headphones,Marketplace,India,1208.71,1,1208.71,5
TXN-501395,2023-11-23,Keyboard,Web,India,1386.04,2,2772.08,5
TXN-500065,2023-11-23,Monitor,Mobile App,Germany,295.9,2,591.8,5
TXN-500665,2023-11-24,Webcam,Web,UK,1286.47,2,2572.94,4
TXN-500443,2023-11-24,Chair,Marketplace,USA,1184.18,4,4736.72,1
TXN-500990,2023-11-24,Webcam,Web,USA,77.59,4,310.36,5
TXN-501406,2023-11-24,Laptop,Web,Germany,1132.29,3,3396.87,4
TXN-500408,2023-11-24,Desk,Mobile App,USA,1026.66,1,1026.66,3
TXN-500156,2023-11-25,Monitor,Marketplace,Germany,82.45,2,164.9,3
TXN-500058,2023-11-25,Keyboard,Web,Canada,1388.02,4,5552.08,3
TXN-501234,2023-11-25,Headphones,Mobile App,UK,1367.28,3,4101.84,5
TXN-500616,2023-11-25,Headphones,Web,India,836.31,4,3345.24,4
TXN-500866,2023-11-25,Phone,Marketplace,Germany,1124.43,2,2248.86,4
TXN-500370,2023-11-26,Phone,Web,Germany,1250.91,1,1250.91,5
TXN-500229,2023-11-26,Headphones,Mobile App,UK,95.49,2,190.98,5
TXN-500499,2023-11-26,Chair,Marketplace,India,189.26,1,189.26,2
TXN-501058,2023-11-27,Laptop,Mobile App,UK,770.43,3,2311.29,4
TXN-500686,2023-11-27,Desk,Web,USA,1272.63,2,2545.26,1
TXN-500934,2023-11-27,Phone,Web,USA,604.45,3,1813.35,3
TXN-500391,2023-11-28,Headphones,Mobile App,Canada,1271.46,1,1271.46,5
TXN-500898,2023-11-28,Laptop,Mobile App,USA,506.94,4,2027.76,5
TXN-501188,2023-11-28,Keyboard,Web,Germany,1475.88,4,5903.52,5
TXN-500035,2023-11-29,Keyboard,Web,India,292.11,2,584.22,4
TXN-500899,2023-11-29,Chair,Web,UK,501.88,4,2007.52,4
TXN-500751,2023-11-29,Webcam,Web,Canada,454.84,4,1819.36,5
TXN-500910,2023-11-30,Phone,Mobile App,Germany,1490.96,1,1490.96,5
TXN-500084,2023-11-30,Webcam,Web,Germany,1277.99,4,5111.96,1
TXN-500808,2023-11-30,Webcam,Web,Canada,748.21,1,748.21,1
TXN-500308,2023-11-30,Monitor,Mobile App,Germany,354.73,3,1064.19,3
TXN-501236,2023-11-30,Chair,Web,UK,1242.39,3,3727.17,2
TXN-500247,2023-12-01,Webcam,Web,Canada,124.94,4,499.76,2
TXN-500854,2023-12-01,Phone,Mobile App,India,757.0,4,3028.0,5
TXN-500581,2023-12-02,Monitor,Mobile App,UK,382.95,1,382.95,2
TXN-500687,2023-12-02,Laptop,Marketplace,Germany,556.46,2,1112.92,3
TXN-501454,2023-12-02,Headphones,Web,India,361.13,3,1083.39,1
TXN-500865,2023-12-03,Monitor,Web,USA,1461.19,2,2922.38,3
TXN-500336,2023-12-03,Phone,Marketplace,UK,194.53,1,194.53,5
TXN-500500,2023-12-03,Keyboard,Web,UK,418.06,3,1254.18,4
TXN-501183,2023-12-03,Monitor,Web,Canada,829.04,3,2487.12,4
TXN-500424,2023-12-04,Keyboard,Web,Germany,182.71,1,182.71,3
TXN-500844,2023-12-04,Laptop,Web,India,686.09,4,2744.36,4
TXN-500628,2023-12-04,Laptop,Mobile App,Germany,818.6,2,1637.2,1
TXN-500513,2023-12-04,Headphones,Mobile App,USA,206.7,1,206.7,2
TXN-500701,2023-12-04,Laptop,Web,USA,635.61,2,1271.22,3
TXN-500437,2023-12-05,Desk,Mobile App,Canada,1090.71,4,4362.84,3
TXN-501397,2023-12-05,Phone,Marketplace,Germany,378.99,4,1515.96,4
TXN-501249,2023-12-06,Keyboard,Mobile App,USA,1388.26,3,4164.78,2
TXN-501152,2023-12-06,Phone,Web,India,601.69,4,2406.76,5
TXN-500253,2023-12-06,Webcam,Marketplace,Canada,351.78,4,1407.12,2
TXN-500396,2023-12-07,Desk,Web,India,505.49,1,505.49,4
TXN-500334,2023-12-07,Chair,Mobile App,USA,1273.58,4,5094.32,5
TXN-500212,2023-12-08,Headphones,Web,Canada,264.06,2,528.12,4
TXN-501489,2023-12-08,Headphones,Mobile App,Germany,771.6,3,2314.8,5
TXN-500719,2023-12-08,Monitor,Marketplace,India,500.83,1,500.83,3
TXN-500379,2023-12-08,Phone,Marketplace,India,29.69,2,59.38,1
TXN-500205,2023-12-09,Monitor,Web,Germany,25.94,1,25.94,3
TXN-500998,2023-12-09,Headphones,Web,Canada,178.54,2,357.08,1
TXN-501124,2023-12-09,Keyboard,Mobile App,India,731.89,2,1463.78,1
TXN-500796,2023-12-09,Chair,Web,Canada,1001.48,4,4005.92,1
TXN-500714,2023-12-09,Desk,Web,UK,1431.61,3,4294.83,1
TXN-500459,2023-12-09,Webcam,Web,Germany,1166.14,4,4664.56,4
TXN-501257,2023-12-09,Headphones,Marketplace,Canada,450.34,1,450.34,2
TXN-500597,2023-12-09,Desk,Web,USA,1229.23,3,3687.69,3
TXN-501460,2023-12-10,Chair,Marketplace,USA,264.84,1,264.84,4
TXN-501008,2023-12-10,Headphones,Mobile App,Canada,135.54,2,271.08,1
TXN-501144,2023-12-10,Headphones,Web,USA,1208.68,2,2417.36,2
TXN-501414,2023-12-10,Desk,Web,USA,225.44,2,450.88,5
TXN-501156,2023-12-10,Monitor,Web,USA,297.0,4,1188.0,2
TXN-501296,2023-12-10,Laptop,Marketplace,India,1085.18,1,1085.18,1
TXN-500255,2023-12-11,Chair,Web,USA,610.47,2,1220.94,2
TXN-500911,2023-12-11,Monitor,Mobile App,UK,36.05,1,36.05,3
TXN-501055,2023-12-11,Headphones,Web,Canada,1386.87,1,1386.87,2
TXN-501195,2023-12-11,Webcam,Mobile App,India,688.12,1,688.12,5
TXN-500441,2023-12-12,Desk,Web,USA,1298.35,3,3895.05,3
TXN-500905,2023-12-12,Monitor,Web,Germany,1447.53,4,5790.12,2
TXN-500691,2023-12-13,Webcam,Mobile App,Germany,555.06,3,1665.18,5
TXN-500904,2023-12-13,Laptop,Marketplace,Canada,1486.81,2,2973.62,5
TXN-501374,2023-12-14,Laptop,Mobile App,USA,241.38,2,482.76,5
TXN-500802,2023-12-14,Monitor,Marketplace,India,1248.53,3,3745.59,3
TXN-500833,2023-12-14,Keyboard,Mobile App,India,872.57,3,2617.71,2
TXN-500043,2023-12-15,Headphones,Web,UK,1061.01,4,4244.04,2
TXN-501088,2023-12-15,Phone,Web,UK,579.24,3,1737.72,5
TXN-501079,2023-12-15,Phone,Web,UK,151.91,4,607.64,2
TXN-500564,2023-12-15,Laptop,Web,USA,185.88,1,185.88,3
TXN-500287,2023-12-15,Desk,Web,UK,950.0,2,1900.0,2
TXN-500228,2023-12-15,Chair,Web,Canada,812.88,3,2438.64,1
TXN-500365,2023-12-15,Keyboard,Mobile App,Canada,859.59,3,2578.77,2
TXN-500503,2023-12-15,Keyboard,Web,Germany,1419.41,3,4258.23,1
TXN-501224,2023-12-15,Laptop,Mobile App,Canada,1129.14,4,4516.56,3
TXN-500342,2023-12-16,Phone,Marketplace,Germany,1030.44,1,1030.44,2
TXN-501024,2023-12-16,Monitor,Marketplace,UK,405.56,1,405.56,1
TXN-501228,2023-12-16,Laptop,Marketplace,UK,340.2,4,1360.8,5
TXN-501458,2023-12-17,Monitor,Web,Canada,120.97,1,120.97,5
TXN-500543,2023-12-17,Laptop,Web,Germany,898.61,4,3594.44,5
TXN-501412,2023-12-17,Desk,Marketplace,Germany,92.63,1,92.63,5
TXN-500890,2023-12-17,Monitor,Web,Germany,1413.01,3,4239.03,2
TXN-500526,2023-12-17,Phone,Mobile App,USA,1194.98,4,4779.92,4
TXN-501128,2023-12-18,Laptop,Mobile App,India,901.33,1,901.33,3
TXN-501355,2023-12-18,Chair,Web,Canada,475.93,3,1427.79,4
TXN-500999,2023-12-18,Chair,Web,USA,1348.05,1,1348.05,5
TXN-500816,2023-12-19,Chair,Web,Germany,147.29,2,294.58,1
TXN-500706,2023-12-19,Laptop,Web,Canada,1431.83,2,2863.66,5
TXN-501493,2023-12-19,Laptop,Mobile App,Germany,196.93,1,196.93,1
TXN-500476,2023-12-20,Laptop,Mobile App,India,1297.34,3,3892.02,2
TXN-501041,2023-12-20,Phone,Marketplace,India,1126.34,3,3379.02,4
TXN-501431,2023-12-20,Headphones,Web,India,705.7,4,2822.8,5
TXN-501107,2023-12-20,Headphones,Web,India,1494.52,3,4483.56,5
TXN-500878,2023-12-20,Chair,Mobile App,USA,1269.92,1,1269.92,2
TXN-501486,2023-12-21,Monitor,Web,Germany,400.33,3,1200.99,3
TXN-500343,2023-12-21,Monitor,Web,India,857.84,3,2573.52,4
TXN-500132,2023-12-21,Webcam,Marketplace,USA,1072.39,4,4289.56,5
TXN-500959,2023-12-21,Headphones,Web,USA,707.98,1,707.98,3
TXN-501190,2023-12-21,Desk,Web,UK,1434.38,4,5737.52,4
TXN-501393,2023-12-22,Chair,Web,Germany,273.68,3,821.04,5
TXN-500364,2023-12-23,Chair,Web,USA,373.62,4,1494.48,3
TXN-500454,2023-12-23,Monitor,Mobile App,USA,1481.49,1,1481.49,5
TXN-501141,2023-12-23,Desk,Marketplace,Germany,1123.91,3,3371.73,5
TXN-500182,2023-12-25,Keyboard,Web,Germany,91.87,3,275.61,4
TXN-500473,2023-12-25,Desk,Web,Germany,930.25,4,3721.0,1
TXN-500432,2023-12-25,Headphones,Web,USA,802.07,1,802.07,4
TXN-500971,2023-12-26,Laptop,Mobile App,India,1239.08,4,4956.32,4
TXN-501405,2023-12-26,Headphones,Mobile App,Germany,1270.5,2,2541.0,4
TXN-500071,2023-12-26,Laptop,Web,India,469.28,4,1877.12,3
TXN-500735,2023-12-26,Headphones,Mobile App,USA,1109.09,3,3327.27,3
TXN-500393,2023-12-26,Chair,Mobile App,Germany,1247.45,1,1247.45,4
TXN-501106,2023-12-26,Laptop,Web,India,429.22,3,1287.66,4
TXN-500413,2023-12-27,Webcam,Marketplace,Canada,1370.98,4,5483.92,1
TXN-500505,2023-12-27,Headphones,Web,India,1167.61,3,3502.83,4
TXN-500127,2023-12-27,Headphones,Web,India,231.75,4,927.0,2
TXN-500305,2023-12-27,Chair,Mobile App,Canada,1022.15,1,1022.15,4
TXN-501364,2023-12-27,Keyboard,Marketplace,Canada,1132.37,3,3397.11,1
TXN-500626,2023-12-27,Desk,Web,Canada,589.03,4,2356.12,2
TXN-500498,2023-12-27,Keyboard,Web,Germany,1185.56,4,4742.24,4
TXN-500399,2023-12-28,Laptop,Mobile App,UK,100.37,3,301.11,2
TXN-501096,2023-12-28,Laptop,Web,Canada,227.65,2,455.3,1
TXN-500798,2023-12-28,Chair,Marketplace,Canada,1483.7,2,2967.4,2
TXN-501059,2023-12-28,Monitor,Marketplace,UK,203.75,2,407.5,5
TXN-501025,2023-12-29,Chair,Mobile App,USA,508.94,1,508.94,2
TXN-501250,2023-12-29,Webcam,Web,USA,1305.8,4,5223.2,4
TXN-501038,2023-12-29,Headphones,Web,Germany,115.84,3,347.52,3
TXN-501440,2023-12-29,Phone,Web,Germany,1188.0,2,2376.0,3
TXN-501147,2023-12-29,Headphones,Web,Germany,1037.57,1,1037.57,2
TXN-500340,2023-12-29,Keyboard,Web,USA,486.21,4,1944.84,1
TXN-500133,2023-12-30,Chair,Web,USA,1253.33,4,5013.32,3
TXN-501340,2023-12-30,Desk,Web,Germany,309.86,3,929.58,3
TXN-500754,2023-12-30,Headphones,Mobile App,India,244.33,4,977.32,5
TXN-501371,2023-12-30,Chair,Web,UK,917.82,2,1835.64,4
TXN-501492,2023-12-31,Headphones,Marketplace,Canada,844.33,4,3377.32,5
TXN-500698,2023-12-31,Chair,Mobile App,USA,1169.46,1,1169.46,1
TXN-501276,2023-12-31,Laptop,Web,India,311.85,4,1247.4,4
TXN-501244,2024-01-01,Phone,Web,USA,447.85,4,1791.4,5
TXN-501130,2024-01-01,Webcam,Web,India,84.58,1,84.58,1
TXN-500724,2024-01-01,Webcam,Web,UK,1463.22,4,5852.88,4
TXN-500712,2024-01-01,Desk,Marketplace,USA,1243.13,2,2486.26,4
TXN-500344,2024-01-02,Monitor,Mobile App,UK,723.74,1,723.74,1
TXN-500867,2024-01-02,Monitor,Web,Germany,1423.41,2,2846.82,5
TXN-500471,2024-01-03,Laptop,Mobile App,USA,926.82,4,3707.28,3
TXN-501026,2024-01-03,Chair,Web,UK,1468.6,2,2937.2,5
TXN-500204,2024-01-03,Monitor,Mobile App,Canada,1008.79,3,3026.37,1
TXN-500906,2024-01-04,Laptop,Web,Germany,485.39,4,1941.56,4
TXN-500164,2024-01-05,Webcam,Mobile App,Germany,934.41,3,2803.23,5
TXN-500120,2024-01-05,Desk,Web,Canada,66.76,2,133.52,3
TXN-501342,2024-01-05,Keyboard,Mobile App,UK,1078.33,4,4313.32,1
TXN-500814,2024-01-05,Headphones,Mobile App,UK,468.8,1,468.8,3
TXN-500102,2024-01-05,Monitor,Mobile App,UK,1289.58,4,5158.32,3
TXN-500465,2024-01-05,Phone,Web,USA,1195.54,1,1195.54,2
TXN-500787,2024-01-05,Phone,Web,India,1495.95,1,1495.95,2
TXN-500589,2024-01-06,Phone,Mobile App,India,746.58,2,1493.16,1
TXN-500246,2024-01-06,Phone,Web,UK,1186.22,2,2372.44,4
TXN-500608,2024-01-06,Phone,Mobile App,USA,993.65,3,2980.95,1
TXN-500198,2024-01-06,Laptop,Web,Canada,1047.46,1,1047.46,4
TXN-501462,2024-01-07,Laptop,Web,UK,1230.26,3,3690.78,2
TXN-500633,2024-01-07,Phone,Marketplace,Canada,1495.1,2,2990.2,3
TXN-500007,2024-01-07,Chair,Web,India,37.09,3,111.27,4
TXN-501332,2024-01-07,Keyboard,Web,India,866.93,1,866.93,3
TXN-501479,2024-01-07,Desk,Web,Germany,887.21,1,887.21,3
TXN-500606,2024-01-07,Monitor,Web,Germany,1449.65,3,4348.95,4
TXN-500200,2024-01-07,Headphones,Web,UK,1461.8,4,5847.2,5
TXN-501271,2024-01-08,Keyboard,Mobile App,UK,1173.78,3,3521.34,5
TXN-500002,2024-01-08,Keyboard,Web,Germany,648.54,1,648.54,4
TXN-500123,2024-01-08,Chair,Web,Canada,164.33,2,328.66,2
TXN-501426,2024-01-08,Phone,Mobile App,India,707.13,4,2828.52,2
TXN-500244,2024-01-08,Keyboard,Mobile App,UK,963.58,1,963.58,3
TXN-501403,2024-01-09,Headphones,Web,USA,648.74,3,1946.22,3
TXN-500331,2024-01-09,Desk,Mobile App,India,43.9,1,43.9,3
TXN-500766,2024-01-09,Monitor,Web,India,596.47,1,596.47,2
TXN-501260,2024-01-09,Monitor,Mobile App,Canada,213.96,4,855.84,4
TXN-500675,2024-01-09,Webcam,Marketplace,India,1147.81,1,1147.81,2
TXN-500788,2024-01-09,Chair,Web,UK,162.78,2,325.56,4
TXN-500090,2024-01-09,Keyboard,Marketplace,India,600.18,4,2400.72,2
TXN-500348,2024-01-10,Webcam,Mobile App,UK,1363.52,4,5454.08,5
TXN-500620,2024-01-10,Monitor,Web,Germany,219.73,2,439.46,1
TXN-500249,2024-01-11,Monitor,Marketplace,India,1292.88,1,1292.88,3
TXN-500651,2024-01-11,Desk,Web,UK,1413.12,3,4239.36,4
TXN-501114,2024-01-11,Desk,Web,USA,1347.33,1,1347.33,2
TXN-501476,2024-01-12,Chair,Mobile App,UK,638.43,2,1276.86,4
TXN-501487,2024-01-13,Phone,Mobile App,Germany,1191.53,4,4766.12,2
TXN-500653,2024-01-13,Phone,Marketplace,USA,1053.51,2,2107.02,3
TXN-500301,2024-01-13,Desk,Mobile App,India,50.78,3,152.34,5
TXN-501240,2024-01-13,Desk,Web,USA,1170.31,2,2340.62,5
TXN-501051,2024-01-13,Phone,Mobile App,USA,489.31,3,1467.93,1
TXN-501251,2024-01-14,Phone,Web,UK,406.83,4,1627.32,2
TXN-500296,2024-01-14,Monitor,Marketplace,Germany,1007.83,2,2015.66,5
TXN-500300,2024-01-15,Chair,Mobile App,India,25.64,4,102.56,2
TXN-500590,2024-01-15,Phone,Web,India,532.75,1,532.75,1
TXN-500830,2024-01-15,Chair,Mobile App,India,826.04,4,3304.16,1
TXN-501062,2024-01-16,Webcam,Web,India,738.32,4,2953.28,5
TXN-500610,2024-01-16,Keyboard,Web,India,345.86,3,1037.58,3
TXN-500426,2024-01-17,Headphones,Web,Canada,1030.13,3,3090.39,4
TXN-501120,2024-01-17,Chair,Mobile App,Germany,1201.45,3,3604.35,2
TXN-501189,2024-01-17,Webcam,Mobile App,UK,1376.12,2,2752.24,1
TXN-500534,2024-01-18,Keyboard,Web,USA,463.39,4,1853.56,2
TXN-500147,2024-01-18,Monitor,Mobile App,Germany,517.71,1,517.71,2
TXN-500382,2024-01-18,Headphones,Mobile App,Germany,121.45,3,364.35,2
TXN-501039,2024-01-18,Headphones,Marketplace,Germany,1495.78,1,1495.78,5
TXN-500338,2024-01-18,Keyboard,Web,Canada,134.39,3,403.17,3
TXN-500438,2024-01-19,Webcam,Web,UK,462.76,3,1388.28,5
TXN-500223,2024-01-19,Monitor,Web,UK,668.32,3,2004.96,4
TXN-500859,2024-01-20,Desk,Mobile App,India,925.3,3,2775.9,5
TXN-500695,2024-01-20,Phone,Web,India,1149.35,4,4597.4,3
TXN-501211,2024-01-20,Phone,Mobile App,Canada,576.13,2,1152.26,1
TXN-500173,2024-01-20,Desk,Web,USA,1473.31,2,2946.62,3
TXN-500836,2024-01-20,Desk,Mobile App,Germany,1176.06,2,2352.12,5
TXN-501481,2024-01-20,Laptop,Marketplace,Canada,575.65,1,575.65,3
TXN-500237,2024-01-20,Chair,Mobile App,USA,229.06,4,916.24,4
TXN-500472,2024-01-21,Keyboard,Mobile App,USA,384.2,2,768.4,1
TXN-500824,2024-01-21,Desk,Marketplace,Germany,249.1,1,249.1,5
TXN-500083,2024-01-21,Laptop,Mobile App,India,547.11,3,1641.33,3
TXN-500079,2024-01-21,Chair,Marketplace,Germany,1494.86,2,2989.72,1
TXN-501182,2024-01-21,Desk,Web,Germany,1318.35,1,1318.35,1
TXN-500568,2024-01-21,Headphones,Web,India,155.18,1,155.18,4
TXN-500779,2024-01-21,Laptop,Marketplace,India,569.29,4,2277.16,2
TXN-500988,2024-01-21,Keyboard,Marketplace,UK,800.05,4,3200.2,1
TXN-500873,2024-01-22,Phone,Mobile App,India,1046.84,2,2093.68,5
TXN-500515,2024-01-22,Chair,Mobile App,Germany,292.16,1,292.16,3
TXN-500451,2024-01-22,Keyboard,Marketplace,USA,1377.36,1,1377.36,5
TXN-501139,2024-01-22,Headphones,Marketplace,Canada,763.12,1,763.12,4
TXN-500630,2024-01-23,Desk,Web,India,228.83,2,457.66,2
TXN-501301,2024-01-23,Desk,Mobile App,India,863.35,2,1726.7,2
TXN-500627,2024-01-23,Monitor,Mobile App,UK,798.81,4,3195.24,3
TXN-500209,2024-01-24,Headphones,Mobile App,India,1260.99,4,5043.96,5
TXN-500573,2024-01-25,Phone,Mobile App,UK,950.62,1,950.62,2
TXN-500514,2024-01-25,Keyboard,Mobile App,Germany,503.04,2,1006.08,4
TXN-501105,2024-01-25,Phone,Web,Germany,40.66,2,81.32,1
TXN-500929,2024-01-25,Webcam,Web,Germany,260.9,2,521.8,5
TXN-501474,2024-01-26,Headphones,Web,Germany,567.6,3,1702.8,1
TXN-500128,2024-01-26,Laptop,Mobile App,Canada,826.3,4,3305.2,4
TXN-500170,2024-01-26,Monitor,Mobile App,Germany,155.86,3,467.58,4
TXN-500936,2024-01-28,Monitor,Mobile App,Canada,1403.69,2,2807.38,2
TXN-500615,2024-01-28,Webcam,Web,India,1176.09,1,1176.09,2
TXN-500275,2024-01-28,Laptop,Web,USA,552.09,3,1656.27,1
TXN-500820,2024-01-29,Chair,Web,Canada,229.44,2,458.88,5
TXN-501035,2024-01-29,Phone,Web,USA,258.81,1,258.81,1
TXN-500183,2024-01-29,Laptop,Marketplace,Germany,986.53,1,986.53,4
TXN-500684,2024-01-29,Phone,Mobile App,Germany,261.53,2,523.06,3
TXN-500488,2024-01-29,Laptop,Mobile App,Canada,733.48,1,733.48,5
TXN-500486,2024-01-29,Phone,Mobile App,India,112.97,2,225.94,2
TXN-501259,2024-01-29,Monitor,Marketplace,Germany,1499.52,4,5998.08,1
TXN-500804,2024-01-29,Keyboard,Web,UK,894.77,3,2684.31,1
TXN-500778,2024-01-30,Webcam,Mobile App,USA,100.55,4,402.2,5
TXN-500326,2024-01-30,Desk,Web,Germany,619.55,2,1239.1,2
TXN-500887,2024-01-30,Monitor,Web,India,54.02,2,108.04,5
TXN-500554,2024-01-30,Headphones,Web,USA,1335.8,1,1335.8,2
TXN-500862,2024-01-30,Headphones,Web,USA,812.69,4,3250.76,1
TXN-500840,2024-01-31,Desk,Web,Germany,21.04,4,84.16,5
TXN-500383,2024-01-31,Headphones,Web,Canada,1109.98,4,4439.92,4
TXN-500218,2024-01-31,Headphones,Mobile App,UK,283.04,3,849.12,1
TXN-500845,2024-01-31,Chair,Mobile App,USA,406.16,3,1218.48,1
TXN-500872,2024-02-01,Headphones,Web,India,445.85,1,445.85,5
TXN-500230,2024-02-02,Phone,Web,USA,1006.75,4,4027.0,1
TXN-500163,2024-02-02,Monitor,Web,Canada,939.29,2,1878.58,1
TXN-500119,2024-02-02,Webcam,Web,India,469.22,2,938.44,4
TXN-501386,2024-02-02,Monitor,Web,USA,922.48,1,922.48,3
TXN-500578,2024-02-02,Webcam,Web,India,586.9,1,586.9,1
TXN-500355,2024-02-03,Keyboard,Web,Canada,113.93,2,227.86,2
TXN-500847,2024-02-03,Headphones,Web,USA,1418.79,1,1418.79,5
TXN-501014,2024-02-04,Desk,Web,UK,848.63,4,3394.52,3
TXN-501496,2024-02-04,Keyboard,Web,USA,284.77,4,1139.08,4
TXN-500016,2024-02-04,Phone,Mobile App,Germany,163.76,2,327.52,3
TXN-500624,2024-02-04,Headphones,Web,USA,1434.2,2,2868.4,3
TXN-501312,2024-02-04,Headphones,Web,India,133.41,3,400.23,1
TXN-500167,2024-02-04,Laptop,Mobile App,India,1452.8,3,4358.4,4
TXN-500444,2024-02-04,Desk,Web,Germany,1453.83,2,2907.66,2
TXN-500747,2024-02-04,Desk,Web,Canada,506.73,1,506.73,3
TXN-500519,2024-02-04,Webcam,Mobile App,UK,813.35,4,3253.4,5
TXN-501134,2024-02-04,Laptop,Web,Germany,742.98,3,2228.94,1
TXN-501348,2024-02-04,Laptop,Web,USA,146.71,4,586.84,3
TXN-501323,2024-02-05,Desk,Web,UK,532.83,3,1598.49,5
TXN-501370,2024-02-05,Webcam,Web,Canada,495.03,4,1980.12,1
TXN-501212,2024-02-05,Monitor,Web,India,1482.06,4,5928.24,1
TXN-501158,2024-02-06,Laptop,Web,UK,902.58,3,2707.74,3
TXN-501127,2024-02-06,Laptop,Web,Germany,1018.06,3,3054.18,3
TXN-501394,2024-02-06,Headphones,Mobile App,UK,409.63,1,409.63,4
TXN-500725,2024-02-06,Monitor,Web,India,325.66,3,976.98,5
TXN-500700,2024-02-06,Desk,Web,UK,1077.13,1,1077.13,4
TXN-500312,2024-02-06,Monitor,Mobile App,India,246.13,4,984.52,2
TXN-501254,2024-02-06,Headphones,Mobile App,UK,672.65,2,1345.3,2
TXN-501099,2024-02-07,Webcam,Web,USA,1185.84,4,4743.36,5
TXN-500749,2024-02-07,Webcam,Marketplace,USA,36.2,2,72.4,1
TXN-500322,2024-02-07,Headphones,Mobile App,India,1477.64,1,1477.64,2
TXN-500517,2024-02-07,Monitor,Web,Canada,1258.21,1,1258.21,1
TXN-501429,2024-02-08,Chair,Web,USA,1040.02,2,2080.04,3
TXN-500952,2024-02-08,Webcam,Web,UK,1169.08,1,1169.08,1
TXN-500108,2024-02-08,Webcam,Mobile App,USA,596.26,3,1788.78,5
TXN-500763,2024-02-08,Phone,Web,Canada,1190.94,4,4763.76,5
TXN-500468,2024-02-09,Laptop,Marketplace,India,190.28,1,190.28,4
TXN-500584,2024-02-09,Desk,Web,Germany,918.19,1,918.19,1
TXN-500880,2024-02-09,Laptop,Mobile App,USA,941.57,4,3766.28,2
TXN-500152,2024-02-09,Keyboard,Web,Germany,345.53,2,691.06,3
TXN-501050,2024-02-09,Chair,Marketplace,USA,280.16,1,280.16,2
TXN-501329,2024-02-09,Webcam,Web,Canada,1467.47,2,2934.94,1
TXN-501325,2024-02-11,Chair,Web,Germany,403.98,1,403.98,1
TXN-500957,2024-02-11,Chair,Web,UK,37.23,1,37.23,5
TXN-501471,2024-02-11,Monitor,Web,India,625.16,3,1875.48,2
TXN-500789,2024-02-11,Chair,Mobile App,India,782.99,4,3131.96,1
TXN-501043,2024-02-12,Laptop,Mobile App,UK,1483.02,3,4449.06,4
TXN-500105,2024-02-12,Phone,Marketplace,Germany,336.68,2,673.36,5
TXN-500231,2024-02-12,Desk,Web,Canada,322.53,1,322.53,1
TXN-501221,2024-02-12,Webcam,Web,Germany,763.9,4,3055.6,4
TXN-500481,2024-02-12,Phone,Mobile App,Germany,953.36,1,953.36,3
TXN-500928,2024-02-12,Chair,Web,USA,1406.2,1,1406.2,2
TXN-501184,2024-02-12,Keyboard,Web,Germany,785.62,2,1571.24,2
TXN-500297,2024-02-13,Headphones,Mobile App,UK,1476.7,4,5906.8,1
TXN-500576,2024-02-13,Desk,Web,UK,887.85,3,2663.55,5
TXN-500762,2024-02-13,Monitor,Mobile App,Germany,728.6,3,2185.8,2
TXN-501436,2024-02-13,Webcam,Mobile App,India,922.68,1,922.68,4
TXN-501278,2024-02-13,Monitor,Web,UK,822.88,1,822.88,2
TXN-500930,2024-02-13,Webcam,Web,Canada,463.09,4,1852.36,1
TXN-500553,2024-02-14,Chair,Web,UK,639.49,2,1278.98,1
TXN-500560,2024-02-14,Chair,Web,USA,1174.34,2,2348.68,3
TXN-500742,2024-02-15,Monitor,Web,USA,1169.8,4,4679.2,3
TXN-501198,2024-02-15,Phone,Web,UK,786.75,3,2360.25,4
TXN-500703,2024-02-15,Chair,Mobile App,India,1064.26,3,3192.78,4
TXN-500869,2024-02-15,Desk,Marketplace,UK,811.73,1,811.73,5
TXN-500895,2024-02-15,Laptop,Web,Canada,498.97,3,1496.91,2
TXN-500799,2024-02-15,Headphones,Mobile App,UK,1246.59,1,1246.59,2
TXN-501061,2024-02-15,Phone,Web,UK,910.18,4,3640.72,3
TXN-500510,2024-02-16,Desk,Mobile App,Germany,23.13,4,92.52,5
TXN-500482,2024-02-16,Keyboard,Marketplace,Canada,1095.64,3,3286.92,5
TXN-501115,2024-02-16,Keyboard,Web,Canada,1393.32,1,1393.32,5
TXN-501248,2024-02-16,Chair,Mobile App,Germany,906.81,1,906.81,1
TXN-500329,2024-02-16,Laptop,Marketplace,India,1126.41,4,4505.64,4
TXN-500692,2024-02-17,Laptop,Mobile App,Germany,254.24,4,1016.96,2
TXN-500587,2024-02-17,Webcam,Mobile App,UK,122.08,1,122.08,5
TXN-500008,2024-02-17,Monitor,Web,USA,274.84,2,549.68,2
TXN-500852,2024-02-18,Keyboard,Web,UK,516.96,3,1550.88,2
TXN-500434,2024-02-18,Webcam,Web,UK,616.49,4,2465.96,5
TXN-501383,2024-02-18,Keyboard,Mobile App,USA,152.86,4,611.44,4
TXN-501110,2024-02-18,Desk,Web,Germany,753.66,1,753.66,3
TXN-500759,2024-02-18,Monitor,Web,USA,259.51,1,259.51,2
TXN-500891,2024-02-18,Keyboard,Mobile App,UK,964.96,3,2894.88,3
TXN-500032,2024-02-18,Phone,Mobile App,UK,1275.94,2,2551.88,4
TXN-500558,2024-02-18,Laptop,Web,Canada,421.13,3,1263.39,2
TXN-500433,2024-02-18,Keyboard,Web,Canada,1064.5,2,2129.0,4
TXN-501047,2024-02-19,Desk,Mobile App,Germany,276.74,4,1106.96,3
TXN-501222,2024-02-19,Chair,Mobile App,UK,572.93,2,1145.86,4
TXN-500288,2024-02-19,Desk,Mobile App,USA,453.27,1,453.27,1
TXN-500561,2024-02-20,Monitor,Web,Germany,682.19,3,2046.57,1
TXN-501148,2024-02-20,Keyboard,Web,India,27.33,2,54.66,4
TXN-500723,2024-02-20,Phone,Mobile App,India,1419.24,4,5676.96,4
TXN-501289,2024-02-20,Chair,Marketplace,UK,352.53,2,705.06,1
TXN-500599,2024-02-20,Webcam,Web,UK,496.29,4,1985.16,2
TXN-501067,2024-02-20,Desk,Web,Canada,1393.09,3,4179.27,2
TXN-501313,2024-02-21,Webcam,Web,Germany,231.98,1,231.98,3
TXN-500001,2024-02-22,Monitor,Web,India,1290.22,2,2580.44,2
TXN-501311,2024-02-22,Keyboard,Mobile App,Canada,1232.88,2,2465.76,4
TXN-501419,2024-02-22,Webcam,Web,India,48.17,1,48.17,1
TXN-500166,2024-02-23,Phone,Web,Canada,954.66,4,3818.64,1
TXN-500600,2024-02-23,Chair,Web,India,1361.16,4,5444.64,2
TXN-500011,2024-02-23,Webcam,Marketplace,Germany,949.55,3,2848.65,4
TXN-500078,2024-02-23,Monitor,Mobile App,UK,417.76,1,417.76,4
TXN-500172,2024-02-24,Monitor,Marketplace,Germany,1086.12,4,4344.48,5
TXN-500523,2024-02-24,Chair,Web,Canada,514.42,4,2057.68,3
TXN-500740,2024-02-24,Chair,Web,USA,193.29,1,193.29,5
TXN-500495,2024-02-24,Keyboard,Mobile App,USA,678.48,3,2035.44,1
TXN-501002,2024-02-25,Monitor,Web,Canada,197.77,2,395.54,1
TXN-500088,2024-02-25,Keyboard,Mobile App,Canada,961.03,1,961.03,2
TXN-500863,2024-02-25,Desk,Mobile App,Canada,59.6,2,119.2,3
TXN-501270,2024-02-25,Desk,Mobile App,UK,118.86,1,118.86,1
TXN-501185,2024-02-26,Chair,Web,UK,1140.84,2,2281.68,2
TXN-500673,2024-02-27,Keyboard,Marketplace,Germany,767.0,3,2301.0,5
TXN-501235,2024-02-27,Monitor,Marketplace,UK,1175.73,3,3527.19,3
TXN-500278,2024-02-27,Headphones,Web,USA,1321.29,3,3963.87,5
TXN-500562,2024-02-27,Keyboard,Mobile App,Germany,1365.35,1,1365.35,3
TXN-500429,2024-02-27,Phone,Marketplace,USA,1032.06,3,3096.18,4
TXN-500160,2024-02-27,Keyboard,Marketplace,India,1250.37,1,1250.37,1
TXN-500086,2024-02-28,Laptop,Marketplace,India,1081.26,3,3243.78,1
TXN-500390,2024-02-29,Laptop,Mobile App,UK,1294.98,3,3884.94,5
TXN-501279,2024-02-29,Desk,Mobile App,USA,631.47,4,2525.88,2
TXN-500417,2024-02-29,Webcam,Mobile App,UK,1121.6,3,3364.8,1
TXN-500493,2024-03-01,Webcam,Mobile App,India,199.98,2,399.96,1
TXN-500547,2024-03-01,Chair,Marketplace,Germany,338.26,2,676.52,5
TXN-500923,2024-03-01,Monitor,Web,USA,516.36,3,1549.08,1
TXN-500490,2024-03-01,Headphones,Web,Germany,487.2,2,974.4,4
TXN-501334,2024-03-01,Keyboard,Web,Canada,1429.58,3,4288.74,1
TXN-501344,2024-03-01,Phone,Mobile App,Canada,1449.89,1,1449.89,5
TXN-500596,2024-03-02,Webcam,Mobile App,Canada,436.48,3,1309.44,2
TXN-500755,2024-03-02,Laptop,Marketplace,India,1441.46,2,2882.92,3
TXN-500395,2024-03-02,Keyboard,Mobile App,Canada,1146.16,3,3438.48,5
TXN-500805,2024-03-02,Monitor,Web,Germany,879.67,3,2639.01,2
TXN-501100,2024-03-03,Chair,Mobile App,India,190.4,1,190.4,2
TXN-501098,2024-03-03,Laptop,Web,USA,492.83,4,1971.32,5
TXN-500827,2024-03-03,Monitor,Mobile App,UK,68.83,1,68.83,4
TXN-501410,2024-03-03,Chair,Mobile App,UK,265.67,3,797.01,1
TXN-501223,2024-03-03,Headphones,Web,Canada,972.05,1,972.05,3
TXN-500508,2024-03-04,Desk,Web,Canada,1130.99,3,3392.97,2
TXN-501306,2024-03-04,Phone,Web,Germany,299.45,1,299.45,2
TXN-500000,2024-03-04,Webcam,Mobile App,Germany,862.61,3,2587.83,5
TXN-500618,2024-03-05,Phone,Mobile App,Germany,936.92,3,2810.76,4
TXN-500958,2024-03-05,Monitor,Web,India,411.92,2,823.84,3
TXN-500420,2024-03-05,Laptop,Marketplace,Canada,1324.71,3,3974.13,5
TXN-501245,2024-03-06,Monitor,Marketplace,UK,1414.22,4,5656.88,2
TXN-501467,2024-03-07,Laptop,Mobile App,UK,497.01,3,1491.03,4
TXN-501343,2024-03-07,Headphones,Web,Canada,64.43,2,128.86,4
TXN-501402,2024-03-07,Keyboard,Mobile App,UK,238.61,1,238.61,4
TXN-501488,2024-03-08,Webcam,Web,Germany,347.93,3,1043.79,3
TXN-500113,2024-03-08,Chair,Web,India,1105.02,4,4420.08,5
TXN-500640,2024-03-08,Webcam,Mobile App,Germany,74.8,4,299.2,1
TXN-501463,2024-03-08,Webcam,Web,UK,136.0,2,272.0,5
TXN-501346,2024-03-09,Monitor,Mobile App,USA,744.84,1,744.84,5
TXN-501093,2024-03-09,Headphones,Mobile App,Germany,764.74,4,3058.96,5
TXN-500009,2024-03-09,Keyboard,Web,India,126.21,4,504.84,3
TXN-500180,2024-03-10,Monitor,Web,India,194.44,3,583.32,3
TXN-500761,2024-03-10,Monitor,Web,UK,322.16,2,644.32,3
TXN-500087,2024-03-10,Chair,Web,UK,1082.94,3,3248.82,2
TXN-500046,2024-03-10,Desk,Mobile App,Canada,203.58,4,814.32,1
TXN-501206,2024-03-11,Headphones,Marketplace,USA,455.48,3,1366.44,2
TXN-500707,2024-03-11,Desk,Web,India,97.72,1,97.72,3
TXN-501433,2024-03-11,Desk,Web,Canada,698.44,4,2793.76,2
TXN-500406,2024-03-12,Keyboard,Web,UK,854.14,1,854.14,1
TXN-500485,2024-03-12,Keyboard,Mobile App,Canada,815.16,3,2445.48,3
TXN-500780,2024-03-12,Desk,Web,USA,1329.71,2,2659.42,4
TXN-501495,2024-03-12,Headphones,Web,Canada,1479.7,4,5918.8,3
TXN-501388,2024-03-12,Keyboard,Web,Canada,782.46,3,2347.38,4
TXN-500140,2024-03-12,Phone,Web,UK,1427.32,1,1427.32,5
TXN-500265,2024-03-12,Desk,Mobile App,USA,254.42,2,508.84,2
TXN-501186,2024-03-13,Laptop,Mobile App,India,175.42,1,175.42,5
TXN-501256,2024-03-13,Webcam,Web,Canada,499.55,4,1998.2,1
TXN-501299,2024-03-13,Webcam,Mobile App,USA,685.03,1,685.03,2
TXN-500690,2024-03-14,Phone,Web,Germany,124.75,3,374.25,4
TXN-501376,2024-03-14,Keyboard,Web,USA,187.02,4,748.08,1
TXN-500961,2024-03-14,Desk,Web,Germany,59.84,4,239.36,4
TXN-500095,2024-03-14,Desk,Web,Germany,1130.19,2,2260.38,3
TXN-501140,2024-03-15,Monitor,Web,Canada,161.81,4,647.24,1
TXN-501262,2024-03-15,Phone,Mobile App,Canada,799.89,2,1599.78,4
TXN-500033,2024-03-15,Headphones,Web,UK,286.57,2,573.14,4
TXN-500748,2024-03-15,Desk,Mobile App,Germany,305.29,1,305.29,1
TXN-500314,2024-03-16,Chair,Marketplace,India,361.08,2,722.16,4
TXN-500920,2024-03-16,Chair,Mobile App,UK,783.08,2,1566.16,1
TXN-501304,2024-03-16,Monitor,Web,UK,41.58,4,166.32,4
TXN-500480,2024-03-16,Headphones,Mobile App,USA,170.07,2,340.14,3
TXN-501319,2024-03-16,Desk,Marketplace,UK,1092.92,1,1092.92,3
TXN-501155,2024-03-16,Keyboard,Mobile App,Germany,77.2,4,308.8,4
TXN-500446,2024-03-17,Desk,Web,Germany,381.39,3,1144.17,2
TXN-501359,2024-03-17,Chair,Web,USA,417.95,2,835.9,1
TXN-500583,2024-03-17,Desk,Web,Canada,1339.8,2,2679.6,5
TXN-500569,2024-03-17,Webcam,Marketplace,Canada,352.42,1,352.42,4
TXN-500750,2024-03-17,Webcam,Mobile App,India,941.36,1,941.36,2
TXN-500169,2024-03-18,Keyboard,Mobile App,Canada,790.33,4,3161.32,2
TXN-501116,2024-03-18,Chair,Web,India,1075.33,4,4301.32,5
TXN-500363,2024-03-18,Laptop,Mobile App,Canada,1422.67,1,1422.67,1
TXN-500896,2024-03-18,Headphones,Web,UK,159.9,4,639.6,1
TXN-500571,2024-03-18,Phone,Mobile App,Germany,392.41,3,1177.23,3
TXN-500683,2024-03-19,Keyboard,Web,UK,629.91,2,1259.82,2
TXN-500623,2024-03-20,Laptop,Web,USA,1404.31,3,4212.93,2
TXN-501413,2024-03-20,Phone,Web,Canada,1386.62,1,1386.62,2
TXN-501142,2024-03-20,Phone,Mobile App,Germany,369.07,3,1107.21,5
TXN-501196,2024-03-20,Phone,Marketplace,USA,525.11,4,2100.44,2
TXN-500298,2024-03-20,Keyboard,Mobile App,Canada,1236.55,4,4946.2,4
TXN-500736,2024-03-20,Chair,Web,Canada,337.72,1,337.72,1
TXN-500129,2024-03-20,Keyboard,Marketplace,UK,1134.78,4,4539.12,4
TXN-500254,2024-03-20,Laptop,Mobile App,Germany,706.21,4,2824.84,1
TXN-500201,2024-03-21,Phone,Mobile App,USA,1434.58,2,2869.16,2
TXN-500551,2024-03-21,Headphones,Web,UK,585.31,1,585.31,1
TXN-500045,2024-03-21,Laptop,Mobile App,India,1022.01,3,3066.03,1
TXN-500868,2024-03-21,Keyboard,Web,USA,522.5,3,1567.5,1
TXN-500752,2024-03-22,Monitor,Web,UK,1298.24,3,3894.72,3
TXN-500607,2024-03-22,Headphones,Mobile App,UK,619.09,4,2476.36,4
TXN-500457,2024-03-22,Desk,Mobile App,Canada,1415.89,4,5663.56,5
TXN-500572,2024-03-22,Keyboard,Web,Germany,181.23,3,543.69,2
TXN-500552,2024-03-22,Monitor,Mobile App,Canada,1404.99,2,2809.98,3
TXN-501464,2024-03-22,Phone,Web,USA,779.92,1,779.92,1
TXN-500154,2024-03-22,Headphones,Mobile App,UK,73.53,4,294.12,5
TXN-501411,2024-03-22,Monitor,Mobile App,UK,1333.33,2,2666.66,2
TXN-500663,2024-03-22,Monitor,Web,India,981.94,3,2945.82,4
TXN-501090,2024-03-23,Laptop,Mobile App,USA,1029.69,1,1029.69,3
TXN-500716,2024-03-23,Webcam,Web,Germany,752.42,2,1504.84,2
TXN-500614,2024-03-23,Keyboard,Web,Germany,1329.26,3,3987.78,2
TXN-501013,2024-03-23,Webcam,Web,Canada,1337.04,2,2674.08,1
TXN-501193,2024-03-23,Keyboard,Mobile App,Canada,1354.28,1,1354.28,1
TXN-500074,2024-03-23,Headphones,Web,India,1401.76,3,4205.28,1
TXN-500193,2024-03-23,Monitor,Mobile App,India,1429.9,2,2859.8,5
TXN-500720,2024-03-24,Desk,Web,India,141.72,1,141.72,2
TXN-501071,2024-03-24,Keyboard,Web,USA,751.88,3,2255.64,2
TXN-500387,2024-03-24,Phone,Web,Germany,1386.89,3,4160.67,1
TXN-501451,2024-03-24,Chair,Mobile App,USA,66.49,4,265.96,3
TXN-500122,2024-03-25,Desk,Web,India,495.6,3,1486.8,4
TXN-501446,2024-03-25,Webcam,Web,UK,1057.45,1,1057.45,5
TXN-500566,2024-03-25,Phone,Web,UK,1202.29,1,1202.29,3
TXN-500834,2024-03-25,Monitor,Mobile App,Canada,1380.48,1,1380.48,1
TXN-500067,2024-03-25,Phone,Mobile App,UK,1304.05,2,2608.1,5
TXN-501137,2024-03-26,Laptop,Web,Germany,42.26,2,84.52,5
TXN-500225,2024-03-26,Chair,Web,Germany,981.95,4,3927.8,4
TXN-500507,2024-03-26,Keyboard,Web,India,518.26,3,1554.78,3
TXN-501129,2024-03-26,Phone,Mobile App,India,381.25,3,1143.75,3
TXN-500052,2024-03-27,Laptop,Mobile App,USA,1057.31,3,3171.93,4
TXN-500790,2024-03-27,Chair,Web,India,778.31,1,778.31,5
TXN-501288,2024-03-27,Webcam,Web,USA,806.86,2,1613.72,5
TXN-500922,2024-03-28,Monitor,Web,India,123.03,2,246.06,2
TXN-500385,2024-03-28,Chair,Mobile App,USA,729.45,4,2917.8,5
TXN-500366,2024-03-28,Desk,Web,India,80.27,3,240.81,4
TXN-501368,2024-03-29,Headphones,Mobile App,India,1236.07,4,4944.28,1
TXN-500394,2024-03-29,Headphones,Mobile App,Canada,204.01,3,612.03,5
TXN-501217,2024-03-29,Desk,Web,USA,1194.16,1,1194.16,3
TXN-500256,2024-03-30,Webcam,Web,Canada,1077.69,1,1077.69,1
TXN-500771,2024-03-30,Laptop,Web,UK,497.39,3,1492.17,3
TXN-500903,2024-03-30,Headphones,Web,USA,1273.52,3,3820.56,4
TXN-500782,2024-03-30,Chair,Web,UK,183.03,1,183.03,1
TXN-500823,2024-03-31,Keyboard,Web,UK,253.84,4,1015.36,4
TXN-500839,2024-03-31,Laptop,Web,USA,1400.1,2,2800.2,2
TXN-500945,2024-03-31,Keyboard,Web,Germany,189.68,3,569.04,4
TXN-500977,2024-04-01,Webcam,Web,USA,474.19,4,1896.76,1
TXN-500285,2024-04-01,Desk,Marketplace,Germany,232.5,4,930.0,4
TXN-500588,2024-04-01,Headphones,Mobile App,UK,1268.3,3,3804.9,5
TXN-500268,2024-04-01,Desk,Mobile App,Germany,281.58,1,281.58,3
TXN-501291,2024-04-02,Webcam,Web,Canada,932.0,1,932.0,4
TXN-500453,2024-04-02,Desk,Mobile App,UK,614.71,2,1229.42,3
TXN-500924,2024-04-02,Laptop,Web,Germany,1440.52,4,5762.08,3
TXN-500875,2024-04-02,Phone,Web,USA,175.77,4,703.08,1
TXN-501122,2024-04-02,Chair,Mobile App,UK,1000.49,1,1000.49,4
TXN-501045,2024-04-03,Phone,Web,Germany,1449.79,1,1449.79,3
TXN-501094,2024-04-03,Chair,Web,Germany,78.65,3,235.95,2
TXN-500384,2024-04-03,Webcam,Mobile App,UK,959.12,2,1918.24,1
TXN-500980,2024-04-04,Laptop,Mobile App,Germany,284.44,2,568.88,1
TXN-501491,2024-04-04,Headphones,Web,USA,617.62,4,2470.48,4
TXN-501483,2024-04-05,Phone,Web,USA,1144.52,2,2289.04,2
TXN-501131,2024-04-05,Monitor,Web,India,1286.91,1,1286.91,1
TXN-500586,2024-04-05,Desk,Mobile App,UK,384.34,1,384.34,5
TXN-500811,2024-04-05,Desk,Marketplace,India,1185.94,2,2371.88,2
TXN-500351,2024-04-06,Desk,Mobile App,USA,621.75,1,621.75,2
TXN-501284,2024-04-06,Desk,Web,Canada,683.08,4,2732.32,5
TXN-500422,2024-04-06,Headphones,Web,UK,192.55,4,770.2,3
TXN-500409,2024-04-07,Monitor,Web,Germany,1444.58,4,5778.32,5
TXN-501385,2024-04-07,Chair,Mobile App,Germany,546.82,1,546.82,1
TXN-501417,2024-04-07,Desk,Web,Germany,1226.32,4,4905.28,2
TXN-501056,2024-04-08,Keyboard,Web,UK,1019.02,4,4076.08,4
TXN-500055,2024-04-08,Headphones,Marketplace,Germany,580.1,2,1160.2,2
TXN-500414,2024-04-08,Desk,Mobile App,UK,1016.02,4,4064.08,3
TXN-501204,2024-04-08,Headphones,Web,USA,909.05,1,909.05,4
TXN-501069,2024-04-08,Monitor,Web,Germany,179.19,2,358.38,2
TXN-501281,2024-04-09,Webcam,Web,India,269.98,3,809.94,4
TXN-501457,2024-04-09,Chair,Mobile App,Germany,626.45,4,2505.8,4
TXN-500965,2024-04-09,Chair,Web,India,567.42,1,567.42,1
TXN-500346,2024-04-09,Desk,Mobile App,India,1035.69,2,2071.38,1
TXN-500943,2024-04-10,Phone,Mobile App,Germany,1261.97,2,2523.94,5
TXN-500835,2024-04-10,Webcam,Mobile App,Germany,735.11,2,1470.22,5
TXN-500056,2024-04-11,Chair,Web,India,1168.81,3,3506.43,1
TXN-501170,2024-04-11,Monitor,Web,Canada,1220.97,1,1220.97,4
TXN-500697,2024-04-11,Webcam,Web,Germany,1295.56,2,2591.12,5
TXN-500037,2024-04-12,Monitor,Marketplace,UK,371.68,3,1115.04,2
TXN-501432,2024-04-12,Headphones,Web,Germany,360.4,1,360.4,1
TXN-500544,2024-04-12,Headphones,Mobile App,Canada,330.1,2,660.2,5
TXN-500293,2024-04-12,Desk,Web,India,75.63,4,302.52,2
TXN-500345,2024-04-12,Headphones,Web,Germany,1037.32,3,3111.96,4
TXN-501352,2024-04-12,Monitor,Mobile App,India,842.54,1,842.54,4
TXN-500809,2024-04-13,Laptop,Mobile App,Germany,134.52,3,403.56,5
TXN-501016,2024-04-13,Monitor,Mobile App,UK,529.4,3,1588.2,1
TXN-500277,2024-04-13,Webcam,Marketplace,India,512.3,3,1536.9,4
TXN-501109,2024-04-13,Laptop,Web,USA,332.66,1,332.66,3
TXN-500812,2024-04-13,Headphones,Web,Germany,550.74,3,1652.22,3
TXN-500450,2024-04-14,Webcam,Mobile App,Canada,58.84,3,176.52,5
TXN-501338,2024-04-14,Phone,Mobile App,Canada,175.68,2,351.36,5
TXN-500115,2024-04-14,Chair,Web,Germany,962.73,1,962.73,1
TXN-501455,2024-04-16,Headphones,Marketplace,USA,1192.96,1,1192.96,2
TXN-500831,2024-04-16,Webcam,Mobile App,USA,1490.36,4,5961.44,1
TXN-501138,2024-04-16,Phone,Web,Germany,809.22,1,809.22,2
TXN-501019,2024-04-16,Keyboard,Mobile App,India,870.75,2,1741.5,1
TXN-500817,2024-04-17,Headphones,Web,Canada,576.43,1,576.43,5
TXN-500786,2024-04-17,Keyboard,Web,Canada,1052.4,1,1052.4,5
TXN-500746,2024-04-17,Laptop,Mobile App,Canada,1264.33,2,2528.66,2
TXN-501453,2024-04-17,Desk,Mobile App,UK,1102.96,1,1102.96,3
TXN-500118,2024-04-18,Monitor,Marketplace,Canada,192.62,4,770.48,2
TXN-500737,2024-04-18,Keyboard,Web,India,405.35,3,1216.05,1
TXN-500611,2024-04-18,Desk,Web,India,700.77,4,2803.08,4
TXN-501012,2024-04-18,Phone,Web,UK,1156.13,2,2312.26,5
TXN-500704,2024-04-20,Phone,Mobile App,India,1088.06,1,1088.06,2
TXN-501468,2024-04-20,Webcam,Web,India,208.83,2,417.66,1
TXN-500731,2024-04-20,Desk,Mobile App,India,1414.76,4,5659.04,1
TXN-500942,2024-04-21,Desk,Mobile App,Germany,991.42,4,3965.68,1
TXN-500337,2024-04-21,Webcam,Mobile App,India,544.18,2,1088.36,4
TXN-501378,2024-04-21,Phone,Web,Canada,674.87,1,674.87,2
TXN-500894,2024-04-21,Webcam,Mobile App,India,1174.36,1,1174.36,3
TXN-500908,2024-04-21,Desk,Marketplace,India,1053.42,2,2106.84,3
TXN-500772,2024-04-22,Laptop,Web,Canada,682.45,1,682.45,4
TXN-500460,2024-04-22,Chair,Web,Canada,591.79,3,1775.37,1
TXN-501273,2024-04-22,Phone,Web,UK,152.89,4,611.56,3
TXN-500881,2024-04-23,Keyboard,Mobile App,Germany,809.73,3,2429.19,5
TXN-500938,2024-04-23,Chair,Mobile App,UK,1395.07,3,4185.21,5
TXN-501172,2024-04-23,Phone,Mobile App,UK,712.68,1,712.68,1
TXN-501497,2024-04-23,Keyboard,Mobile App,UK,516.61,3,1549.83,2
TXN-501272,2024-04-24,Headphones,Web,Germany,981.56,4,3926.24,5
TXN-501102,2024-04-25,Laptop,Web,UK,203.91,4,815.64,5
TXN-500846,2024-04-25,Chair,Mobile App,UK,117.69,1,117.69,3
TXN-500274,2024-04-25,Headphones,Mobile App,USA,617.58,4,2470.32,4
TXN-500236,2024-04-25,Webcam,Marketplace,USA,1012.79,4,4051.16,3
TXN-501243,2024-04-25,Phone,Mobile App,Germany,362.8,4,1451.2,2
TXN-501266,2024-04-25,Laptop,Mobile App,Germany,1200.76,4,4803.04,2
TXN-500062,2024-04-26,Webcam,Mobile App,India,446.56,1,446.56,2
TXN-501322,2024-04-26,Desk,Web,Germany,987.87,4,3951.48,3
TXN-500386,2024-04-26,Monitor,Mobile App,USA,91.55,4,366.2,4
TXN-500161,2024-04-27,Chair,Web,UK,899.75,4,3599.0,3
TXN-500689,2024-04-27,Headphones,Web,India,721.37,2,1442.74,3
TXN-500185,2024-04-27,Webcam,Web,Germany,105.1,1,105.1,2
TXN-500474,2024-04-27,Webcam,Web,UK,692.74,3,2078.22,3
TXN-500849,2024-04-27,Keyboard,Marketplace,USA,1312.74,4,5250.96,1
TXN-501108,2024-04-27,Keyboard,Marketplace,India,518.0,4,2072.0,1
TXN-500540,2024-04-27,Monitor,Mobile App,USA,757.94,1,757.94,2
TXN-501159,2024-04-28,Monitor,Mobile App,UK,27.57,1,27.57,4
TXN-500634,2024-04-28,Phone,Mobile App,UK,34.93,3,104.79,2
TXN-500968,2024-04-28,Monitor,Marketplace,USA,1201.14,4,4804.56,4
TXN-500352,2024-04-29,Chair,Mobile App,UK,1034.22,1,1034.22,1
TXN-501089,2024-04-29,Monitor,Mobile App,UK,1240.14,3,3720.42,1
TXN-501367,2024-04-30,Monitor,Mobile App,India,74.12,3,222.36,5
TXN-500464,2024-04-30,Chair,Mobile App,USA,1173.22,4,4692.88,2
TXN-500318,2024-04-30,Chair,Mobile App,UK,1080.79,4,4323.16,5
TXN-500785,2024-04-30,Phone,Mobile App,Canada,732.16,1,732.16,3
TXN-501490,2024-05-01,Laptop,Web,UK,1273.13,3,3819.39,1
TXN-500264,2024-05-01,Chair,Web,USA,533.72,1,533.72,5
TXN-500025,2024-05-01,Keyboard,Marketplace,Germany,1358.19,4,5432.76,1
TXN-500982,2024-05-01,Keyboard,Mobile App,USA,230.45,4,921.8,4
TXN-500678,2024-05-02,Phone,Mobile App,USA,1322.9,2,2645.8,2
TXN-501060,2024-05-02,Webcam,Web,UK,1070.14,2,2140.28,4
TXN-500985,2024-05-02,Laptop,Mobile App,Germany,301.55,1,301.55,2
TXN-501095,2024-05-02,Keyboard,Web,UK,317.66,3,952.98,2
TXN-500271,2024-05-02,Keyboard,Mobile App,India,419.01,4,1676.04,4
TXN-500557,2024-05-02,Phone,Web,UK,257.09,1,257.09,5
TXN-500944,2024-05-02,Chair,Mobile App,Canada,995.43,1,995.43,3
TXN-501382,2024-05-03,Webcam,Web,Germany,1204.04,4,4816.16,3
TXN-500522,2024-05-03,Webcam,Mobile App,UK,957.47,2,1914.94,5
TXN-500291,2024-05-03,Keyboard,Web,India,133.77,3,401.31,2
TXN-500946,2024-05-03,Headphones,Web,India,1414.8,4,5659.2,2
TXN-501023,2024-05-04,Monitor,Web,Germany,774.66,4,3098.64,5
TXN-500234,2024-05-04,Headphones,Web,UK,801.37,2,1602.74,1
TXN-501202,2024-05-04,Monitor,Web,Canada,1102.18,2,2204.36,5
TXN-501318,2024-05-04,Phone,Web,UK,627.93,2,1255.86,1
TXN-501247,2024-05-05,Headphones,Web,Canada,1136.59,4,4546.36,5
TXN-500388,2024-05-05,Chair,Web,India,726.61,4,2906.44,5
TXN-500233,2024-05-05,Webcam,Web,India,1222.27,4,4889.08,4
TXN-500380,2024-05-05,Keyboard,Mobile App,UK,860.66,1,860.66,5
TXN-501330,2024-05-05,Keyboard,Mobile App,USA,812.97,2,1625.94,1
TXN-501125,2024-05-06,Desk,Web,Canada,498.03,4,1992.12,5
TXN-500601,2024-05-07,Phone,Marketplace,UK,293.86,3,881.58,3
TXN-501074,2024-05-07,Keyboard,Marketplace,UK,1196.74,1,1196.74,1
TXN-500068,2024-05-07,Chair,Mobile App,India,981.97,3,2945.91,3
TXN-500430,2024-05-07,Laptop,Mobile App,Germany,998.1,3,2994.3,3
TXN-500696,2024-05-08,Keyboard,Web,Canada,1172.09,2,2344.18,1
TXN-500838,2024-05-08,Headphones,Web,Canada,963.07,2,1926.14,3
TXN-500661,2024-05-08,Phone,Mobile App,India,373.29,4,1493.16,3
TXN-501409,2024-05-08,Webcam,Web,India,1249.86,4,4999.44,4
TXN-500332,2024-05-08,Phone,Web,USA,279.3,4,1117.2,3
TXN-500330,2024-05-08,Webcam,Web,India,740.08,1,740.08,1
TXN-500918,2024-05-08,Monitor,Web,Canada,894.56,4,3578.24,4
TXN-500042,2024-05-09,Webcam,Marketplace,Germany,122.16,4,488.64,4
TXN-501179,2024-05-09,Webcam,Web,Germany,888.01,4,3552.04,4
TXN-500077,2024-05-10,Desk,Mobile App,Germany,499.26,3,1497.78,2
TXN-500818,2024-05-10,Chair,Mobile App,USA,217.03,2,434.06,4
TXN-500882,2024-05-10,Webcam,Web,UK,1184.59,3,3553.77,2
TXN-501482,2024-05-10,Phone,Web,Germany,828.77,2,1657.54,5
TXN-500964,2024-05-11,Headphones,Web,Germany,635.77,4,2543.08,3
TXN-500631,2024-05-11,Phone,Marketplace,USA,941.27,2,1882.54,4
TXN-501075,2024-05-12,Phone,Mobile App,Canada,833.21,2,1666.42,5
TXN-501161,2024-05-12,Desk,Mobile App,India,580.17,1,580.17,1
TXN-501083,2024-05-13,Keyboard,Marketplace,India,1033.81,2,2067.62,5
TXN-501031,2024-05-13,Keyboard,Mobile App,Germany,1141.38,3,3424.14,1
TXN-500250,2024-05-13,Chair,Mobile App,UK,556.89,4,2227.56,2
TXN-501029,2024-05-13,Phone,Web,USA,859.3,4,3437.2,2
TXN-501040,2024-05-14,Chair,Mobile App,UK,1395.46,2,2790.92,2
TXN-500283,2024-05-14,Webcam,Web,Germany,917.33,1,917.33,3
TXN-501174,2024-05-14,Keyboard,Web,India,269.15,1,269.15,5
TXN-500617,2024-05-14,Webcam,Web,UK,699.63,4,2798.52,4
TXN-500267,2024-05-15,Headphones,Marketplace,India,434.56,3,1303.68,2
TXN-501369,2024-05-15,Monitor,Mobile App,Germany,657.46,3,1972.38,4
TXN-501192,2024-05-16,Desk,Mobile App,UK,418.57,1,418.57,2
TXN-500826,2024-05-16,Monitor,Web,UK,84.52,2,169.04,2
TXN-500496,2024-05-16,Phone,Mobile App,Canada,314.11,4,1256.44,3
TXN-501005,2024-05-16,Chair,Mobile App,UK,192.02,2,384.04,5
TXN-501349,2024-05-17,Laptop,Marketplace,USA,890.6,3,2671.8,5
TXN-500853,2024-05-17,Phone,Web,Canada,361.94,3,1085.82,5
TXN-500371,2024-05-17,Desk,Mobile App,UK,399.48,1,399.48,5
TXN-500222,2024-05-18,Desk,Mobile App,UK,969.96,4,3879.84,2
TXN-500389,2024-05-18,Phone,Mobile App,India,611.42,3,1834.26,1
TXN-500512,2024-05-18,Monitor,Mobile App,UK,1172.29,4,4689.16,4
TXN-500139,2024-05-18,Monitor,Mobile App,India,604.62,1,604.62,2
TXN-500538,2024-05-18,Monitor,Mobile App,India,1415.3,4,5661.2,3
TXN-501135,2024-05-19,Chair,Mobile App,Canada,936.03,1,936.03,1
TXN-500153,2024-05-20,Headphones,Web,Canada,1233.38,3,3700.14,4
TXN-500713,2024-05-20,Chair,Mobile App,Germany,1121.28,1,1121.28,1
TXN-501408,2024-05-20,Headphones,Web,USA,660.29,1,660.29,4
TXN-500112,2024-05-20,Chair,Web,Germany,170.78,2,341.56,1
TXN-501447,2024-05-20,Phone,Marketplace,UK,116.99,2,233.98,1
TXN-501191,2024-05-20,Monitor,Mobile App,UK,112.3,3,336.9,2
TXN-500347,2024-05-20,Headphones,Mobile App,India,35.57,2,71.14,2
TXN-500097,2024-05-20,Monitor,Mobile App,Canada,426.53,4,1706.12,4
TXN-501315,2024-05-21,Keyboard,Web,Canada,189.71,1,189.71,1
TXN-500144,2024-05-21,Phone,Web,Germany,935.82,4,3743.28,1
TXN-500694,2024-05-22,Chair,Mobile App,India,1368.86,2,2737.72,3
TXN-500066,2024-05-22,Headphones,Marketplace,Canada,574.79,3,1724.37,3
TXN-500093,2024-05-23,Webcam,Mobile App,USA,315.94,1,315.94,1
TXN-500857,2024-05-23,Desk,Mobile App,UK,752.75,3,2258.25,2
TXN-501465,2024-05-23,Keyboard,Web,India,414.99,3,1244.97,4
TXN-500563,2024-05-23,Phone,Mobile App,Germany,1232.38,3,3697.14,3
TXN-500489,2024-05-23,Keyboard,Web,Canada,1384.28,3,4152.84,5
TXN-501283,2024-05-24,Phone,Mobile App,UK,1171.57,1,1171.57,3
TXN-501054,2024-05-24,Laptop,Web,Canada,1203.5,4,4814.0,2
TXN-501480,2024-05-24,Webcam,Web,India,306.6,2,613.2,5
TXN-501302,2024-05-25,Monitor,Marketplace,USA,557.88,2,1115.76,3
TXN-500302,2024-05-25,Headphones,Web,India,688.82,4,2755.28,4
TXN-500445,2024-05-25,Desk,Web,Canada,862.5,1,862.5,1
TXN-500841,2024-05-25,Keyboard,Web,UK,1353.39,1,1353.39,4
TXN-500191,2024-05-25,Chair,Mobile App,UK,1489.42,2,2978.84,5
TXN-500361,2024-05-26,Chair,Web,Germany,1033.1,4,4132.4,2
TXN-500502,2024-05-26,Webcam,Web,Germany,1044.8,4,4179.2,5
TXN-501274,2024-05-27,Monitor,Web,UK,916.12,4,3664.48,3
TXN-500289,2024-05-27,Chair,Web,USA,973.86,4,3895.44,2
TXN-500609,2024-05-27,Chair,Web,USA,208.13,1,208.13,5
TXN-500020,2024-05-27,Monitor,Marketplace,Germany,458.22,4,1832.88,2
TXN-500210,2024-05-27,Webcam,Web,UK,1359.83,2,2719.66,1
TXN-500756,2024-05-28,Headphones,Web,USA,1447.87,3,4343.61,2
TXN-501064,2024-05-28,Keyboard,Mobile App,USA,1180.62,4,4722.48,5
TXN-500931,2024-05-28,Headphones,Mobile App,Canada,1296.32,2,2592.64,4
TXN-500644,2024-05-29,Monitor,Web,USA,883.77,2,1767.54,4
TXN-500053,2024-05-29,Headphones,Web,Canada,307.32,2,614.64,1
TXN-501356,2024-05-29,Monitor,Marketplace,USA,374.79,3,1124.37,3
TXN-500358,2024-05-29,Desk,Web,Germany,1286.27,1,1286.27,2
TXN-501203,2024-05-29,Keyboard,Mobile App,UK,935.14,4,3740.56,3
TXN-501068,2024-05-29,Desk,Mobile App,USA,567.22,1,567.22,4
TXN-500643,2024-05-30,Headphones,Mobile App,UK,1375.1,2,2750.2,3
TXN-500837,2024-05-30,Headphones,Mobile App,UK,832.01,3,2496.03,2
